-- phpMyAdmin SQL Dump
-- version 4.9.5
-- https://www.phpmyadmin.net/
--
-- Host: localhost:3306
-- Generation Time: Jul 18, 2021 at 10:05 AM
-- Server version: 10.3.29-MariaDB-cll-lve
-- PHP Version: 7.3.28

SET SQL_MODE = "NO_AUTO_VALUE_ON_ZERO";
SET AUTOCOMMIT = 0;
START TRANSACTION;
SET time_zone = "+00:00";


/*!40101 SET @OLD_CHARACTER_SET_CLIENT=@@CHARACTER_SET_CLIENT */;
/*!40101 SET @OLD_CHARACTER_SET_RESULTS=@@CHARACTER_SET_RESULTS */;
/*!40101 SET @OLD_COLLATION_CONNECTION=@@COLLATION_CONNECTION */;
/*!40101 SET NAMES utf8mb4 */;

--
-- Database: `ecomproj_ecom`
--

-- --------------------------------------------------------

--
-- Table structure for table `activate_advertising`
--

CREATE TABLE `activate_advertising` (
  `id` int(11) NOT NULL,
  `title` varchar(255) NOT NULL,
  `blocktype` varchar(255) NOT NULL,
  `status` varchar(50) NOT NULL,
  `startdate` date DEFAULT NULL,
  `nodays` varchar(10) DEFAULT NULL,
  `expire` date DEFAULT NULL
) ENGINE=InnoDB DEFAULT CHARSET=latin1;

--
-- Dumping data for table `activate_advertising`
--

INSERT INTO `activate_advertising` (`id`, `title`, `blocktype`, `status`, `startdate`, `nodays`, `expire`) VALUES
(1, 'Featured - Home', '2', '1', '2020-03-26', '2', '2020-03-28'),
(2, 'Category Section 01\r\n- Home', '2', '1', '2020-03-26', '10', '2020-04-05'),
(3, 'Category Section 02 - Home', '2', '1', '2020-03-26', '10', '2020-03-28'),
(4, 'Brand - Home', '2', '1', '2020-03-26', '10', '2020-03-28'),
(5, 'Featured - Home', '3', '1', '2020-03-26', '1', '2020-03-28'),
(6, 'Electronics - Home', '3', '1', '2020-03-26', '10', '2020-03-28'),
(7, 'Health & Beauty - Home', '3', '1', '2020-03-26', '10', '2020-03-28'),
(8, 'Brand - Home', '3', '1', '2020-03-26', '10', '2020-03-28');

-- --------------------------------------------------------

--
-- Table structure for table `activestatus`
--

CREATE TABLE `activestatus` (
  `id` int(11) NOT NULL,
  `sectionName` varchar(255) DEFAULT NULL,
  `status` int(1) DEFAULT NULL
) ENGINE=InnoDB DEFAULT CHARSET=latin1;

--
-- Dumping data for table `activestatus`
--

INSERT INTO `activestatus` (`id`, `sectionName`, `status`) VALUES
(1, 'Specials Slide Bar', 1);

-- --------------------------------------------------------

--
-- Table structure for table `admin`
--

CREATE TABLE `admin` (
  `id` int(11) NOT NULL,
  `username` varchar(255) NOT NULL,
  `password` varchar(255) NOT NULL,
  `creationDate` timestamp NOT NULL DEFAULT current_timestamp(),
  `updationDate` varchar(255) NOT NULL
) ENGINE=InnoDB DEFAULT CHARSET=latin1;

--
-- Dumping data for table `admin`
--

INSERT INTO `admin` (`id`, `username`, `password`, `creationDate`, `updationDate`) VALUES
(1, 'admin', 'f970e2767d0cfe75876ea857f92e319b', '2017-01-24 16:21:18', '21-06-2018 08:27:55 PM');

-- --------------------------------------------------------

--
-- Table structure for table `advertising`
--

CREATE TABLE `advertising` (
  `id` int(11) NOT NULL,
  `image` varchar(255) NOT NULL,
  `link` varchar(255) NOT NULL,
  `title` varchar(255) NOT NULL,
  `location` varchar(255) NOT NULL,
  `blocktype` varchar(255) NOT NULL
) ENGINE=InnoDB DEFAULT CHARSET=latin1;

--
-- Dumping data for table `advertising`
--

INSERT INTO `advertising` (`id`, `image`, `link`, `title`, `location`, `blocktype`) VALUES
(1, 'thump_1585194382.jpg', 'sas', 'Banner 01', 'Featured - Home', '2'),
(2, 'thump_1585198988.jpg', 'sa', 'Banner 02', 'Featured - Home', '2'),
(3, 'thump_1585216658.jpg', 'sa', 'Banner 01', 'Category Section 01\r\n - Home', '2'),
(4, 'thump_1585223926.jpg', 'sa', 'Banner 02', 'Category Section 01 - Home', '2'),
(5, 'thump_1585223939.jpg', 'sa', 'Banner 01', 'Health & Beauty - Home', '2'),
(6, 'thump_1585223966.jpg', 'das', 'Banner 02', 'Health & Beauty - Home', '2'),
(7, 'thump_1585223977.jpg', 'fds', 'Banner 01', 'Brand - Home', '2'),
(8, '', 'fds', 'Banner 02', 'Brand  - Home', '2'),
(9, 'thump_1585200365.jpg', 'sas', 'Banner 01', 'Featured - Home', '3'),
(10, 'thump_1585200378.jpg', 'sa', 'Banner 02', 'Featured - Home', '3'),
(11, 'thump_1585200394.jpg', 'sa', 'Banner 03', 'Featured - Home', '3'),
(12, '', 'sa', 'Banner 01', 'Electronics - Home', '3'),
(13, '', 'sa', 'Banner 02', 'Electronics - Home', '3'),
(14, '', 'sa', 'Banner 03', 'Electronics - Home', '3'),
(15, '', 'sa', 'Banner 01', 'Health & Beauty - Home', '3'),
(16, '', 'das', 'Banner 02', 'Health & Beauty - Home', '3'),
(17, '', 'das', 'Banner 03', 'Health & Beauty - Home', '3'),
(18, 'thump_1585216641.jpg', 'fds', 'Banner 01', 'Brand - Home', '3'),
(19, '', 'fds', 'Banner 02', 'Brand  - Home', '3'),
(20, '', 'fds', 'Banner 03', 'Brand  - Home', '3');

-- --------------------------------------------------------

--
-- Table structure for table `billaddres`
--

CREATE TABLE `billaddres` (
  `id` int(11) NOT NULL,
  `uid` int(11) NOT NULL,
  `address1` varchar(255) DEFAULT NULL,
  `address2` varchar(255) DEFAULT NULL,
  `postcode` int(5) DEFAULT NULL,
  `city` varchar(255) DEFAULT NULL,
  `region` varchar(255) DEFAULT NULL,
  `country` varchar(255) DEFAULT NULL
) ENGINE=InnoDB DEFAULT CHARSET=latin1;

-- --------------------------------------------------------

--
-- Table structure for table `brands`
--

CREATE TABLE `brands` (
  `id` int(11) NOT NULL,
  `brandName` varchar(255) DEFAULT NULL,
  `brandDescription` longtext DEFAULT NULL,
  `brandImage` varchar(255) DEFAULT NULL,
  `creationDate` timestamp NOT NULL DEFAULT current_timestamp(),
  `updationDate` varchar(255) DEFAULT NULL
) ENGINE=InnoDB DEFAULT CHARSET=latin1;

--
-- Dumping data for table `brands`
--

INSERT INTO `brands` (`id`, `brandName`, `brandDescription`, `brandImage`, `creationDate`, `updationDate`) VALUES
(1, 'Dell', 'Discription', 'thump_1586583187.jpg', '2020-02-16 15:25:43', '11-04-2020 11:03:07 AM'),
(2, 'Apple', 'fsdf', 'thump_1585220451.jpeg', '2020-02-16 15:27:00', '26-03-2020 04:30:51 PM'),
(3, 'Microsoft', '', 'thump_1585220504.jpeg', '2020-03-26 11:01:44', NULL),
(4, 'Nokia', '', 'thump_1585220514.jpeg', '2020-03-26 11:01:55', NULL),
(5, 'HTC', '', 'thump_1585220522.jpeg', '2020-03-26 11:02:02', NULL),
(6, 'Acer', '', 'thump_1585220534.jpeg', '2020-03-26 11:02:14', NULL),
(7, 'HP', '', 'thump_1585220543.jpeg', '2020-03-26 11:02:23', NULL),
(8, 'Lenovo', '', 'thump_1585220555.jpeg', '2020-03-26 11:02:35', NULL),
(9, 'Asus', '', 'thump_1585220583.jpeg', '2020-03-26 11:03:03', NULL),
(10, 'Sony', '', 'thump_1585273409.jpg', '2020-03-26 11:03:13', '27-03-2020 07:13:29 AM'),
(11, 'Samsung', '', 'thump_1585220603.jpeg', '2020-03-26 11:03:23', NULL),
(12, 'Huawi', '', 'thump_1585220618.jpeg', '2020-03-26 11:03:38', NULL),
(13, 'Nike', '', 'thump_1585220627.jpeg', '2020-03-26 11:03:47', NULL);

-- --------------------------------------------------------

--
-- Table structure for table `category`
--

CREATE TABLE `category` (
  `id` int(11) NOT NULL,
  `categoryName` varchar(255) DEFAULT NULL,
  `categoryDescription` longtext DEFAULT NULL,
  `creationDate` timestamp NOT NULL DEFAULT current_timestamp(),
  `updationDate` varchar(255) DEFAULT NULL
) ENGINE=InnoDB DEFAULT CHARSET=latin1;

--
-- Dumping data for table `category`
--

INSERT INTO `category` (`id`, `categoryName`, `categoryDescription`, `creationDate`, `updationDate`) VALUES
(1, 'Electronic Devices', 'Test ', '2017-01-24 19:17:37', '26-03-2020 04:37:04 PM'),
(2, 'Watches & Accessories', 'Electronic Products', '2017-01-24 19:19:32', '26-03-2020 04:37:39 PM'),
(3, 'Health & Beauty', 'test', '2017-01-24 19:19:54', '26-03-2020 04:39:35 PM'),
(4, 'Home & Lifestyle	', 'Fashion', '2017-02-20 19:18:52', '26-03-2020 04:39:44 PM'),
(5, 'Men s Fashion', '', '2020-02-21 03:08:29', '26-03-2020 04:40:11 PM'),
(6, 'Women s Fashion', '', '2020-03-26 11:07:48', '26-03-2020 04:40:32 PM'),
(7, 'Watches & Accessories', '', '2020-03-26 11:07:56', '26-03-2020 04:40:52 PM'),
(8, 'Babies & Toys', '', '2020-03-26 11:11:13', NULL),
(9, 'Groceries & Pets', '', '2020-03-26 11:11:24', NULL),
(10, 'Automotive & Motorbike', '', '2020-03-26 11:11:33', NULL),
(11, 'Sports & Outdoor', '', '2020-03-26 11:11:40', NULL);

-- --------------------------------------------------------

--
-- Table structure for table `compare`
--

CREATE TABLE `compare` (
  `id` int(11) NOT NULL,
  `userId` int(11) DEFAULT NULL,
  `productId` int(11) DEFAULT NULL,
  `postingDate` timestamp NOT NULL DEFAULT current_timestamp()
) ENGINE=InnoDB DEFAULT CHARSET=latin1;

-- --------------------------------------------------------

--
-- Table structure for table `contactusinfo`
--

CREATE TABLE `contactusinfo` (
  `id` int(11) NOT NULL,
  `image` varchar(255) DEFAULT NULL,
  `address` tinytext DEFAULT NULL,
  `telephoneno` varchar(20) DEFAULT NULL,
  `faxno` varchar(20) DEFAULT NULL,
  `openinghours` varchar(255) DEFAULT NULL,
  `comment` varchar(255) DEFAULT NULL,
  `email` varchar(255) DEFAULT NULL,
  `shopname` varchar(255) DEFAULT NULL
) ENGINE=InnoDB DEFAULT CHARSET=latin1;

--
-- Dumping data for table `contactusinfo`
--

INSERT INTO `contactusinfo` (`id`, `image`, `address`, `telephoneno`, `faxno`, `openinghours`, `comment`, `email`, `shopname`) VALUES
(1, 'e352431730994fbacbd5fedfedb4073b.jpg', 'Colombo,Sri Lanka', '+94 751234567', '+94 751234567', '24X7 Customer Care', 'This field is for any special notes you would like to tell the customer i.e. Store does not accept cheques.', 'shop@example.com', 'E BUY');

-- --------------------------------------------------------

--
-- Table structure for table `countries`
--

CREATE TABLE `countries` (
  `id` int(11) NOT NULL,
  `country_code` varchar(2) NOT NULL DEFAULT '',
  `country_name` varchar(100) NOT NULL DEFAULT ''
) ENGINE=MyISAM DEFAULT CHARSET=utf8;

--
-- Dumping data for table `countries`
--

INSERT INTO `countries` (`id`, `country_code`, `country_name`) VALUES
(1, 'AF', 'Afghanistan'),
(2, 'AL', 'Albania'),
(3, 'DZ', 'Algeria'),
(4, 'DS', 'American Samoa'),
(5, 'AD', 'Andorra'),
(6, 'AO', 'Angola'),
(7, 'AI', 'Anguilla'),
(8, 'AQ', 'Antarctica'),
(9, 'AG', 'Antigua and Barbuda'),
(10, 'AR', 'Argentina'),
(11, 'AM', 'Armenia'),
(12, 'AW', 'Aruba'),
(13, 'AU', 'Australia'),
(14, 'AT', 'Austria'),
(15, 'AZ', 'Azerbaijan'),
(16, 'BS', 'Bahamas'),
(17, 'BH', 'Bahrain'),
(18, 'BD', 'Bangladesh'),
(19, 'BB', 'Barbados'),
(20, 'BY', 'Belarus'),
(21, 'BE', 'Belgium'),
(22, 'BZ', 'Belize'),
(23, 'BJ', 'Benin'),
(24, 'BM', 'Bermuda'),
(25, 'BT', 'Bhutan'),
(26, 'BO', 'Bolivia'),
(27, 'BA', 'Bosnia and Herzegovina'),
(28, 'BW', 'Botswana'),
(29, 'BV', 'Bouvet Island'),
(30, 'BR', 'Brazil'),
(31, 'IO', 'British Indian Ocean Territory'),
(32, 'BN', 'Brunei Darussalam'),
(33, 'BG', 'Bulgaria'),
(34, 'BF', 'Burkina Faso'),
(35, 'BI', 'Burundi'),
(36, 'KH', 'Cambodia'),
(37, 'CM', 'Cameroon'),
(38, 'CA', 'Canada'),
(39, 'CV', 'Cape Verde'),
(40, 'KY', 'Cayman Islands'),
(41, 'CF', 'Central African Republic'),
(42, 'TD', 'Chad'),
(43, 'CL', 'Chile'),
(44, 'CN', 'China'),
(45, 'CX', 'Christmas Island'),
(46, 'CC', 'Cocos (Keeling) Islands'),
(47, 'CO', 'Colombia'),
(48, 'KM', 'Comoros'),
(49, 'CD', 'Democratic Republic of the Congo'),
(50, 'CG', 'Republic of Congo'),
(51, 'CK', 'Cook Islands'),
(52, 'CR', 'Costa Rica'),
(53, 'HR', 'Croatia (Hrvatska)'),
(54, 'CU', 'Cuba'),
(55, 'CY', 'Cyprus'),
(56, 'CZ', 'Czech Republic'),
(57, 'DK', 'Denmark'),
(58, 'DJ', 'Djibouti'),
(59, 'DM', 'Dominica'),
(60, 'DO', 'Dominican Republic'),
(61, 'TP', 'East Timor'),
(62, 'EC', 'Ecuador'),
(63, 'EG', 'Egypt'),
(64, 'SV', 'El Salvador'),
(65, 'GQ', 'Equatorial Guinea'),
(66, 'ER', 'Eritrea'),
(67, 'EE', 'Estonia'),
(68, 'ET', 'Ethiopia'),
(69, 'FK', 'Falkland Islands (Malvinas)'),
(70, 'FO', 'Faroe Islands'),
(71, 'FJ', 'Fiji'),
(72, 'FI', 'Finland'),
(73, 'FR', 'France'),
(74, 'FX', 'France, Metropolitan'),
(75, 'GF', 'French Guiana'),
(76, 'PF', 'French Polynesia'),
(77, 'TF', 'French Southern Territories'),
(78, 'GA', 'Gabon'),
(79, 'GM', 'Gambia'),
(80, 'GE', 'Georgia'),
(81, 'DE', 'Germany'),
(82, 'GH', 'Ghana'),
(83, 'GI', 'Gibraltar'),
(84, 'GK', 'Guernsey'),
(85, 'GR', 'Greece'),
(86, 'GL', 'Greenland'),
(87, 'GD', 'Grenada'),
(88, 'GP', 'Guadeloupe'),
(89, 'GU', 'Guam'),
(90, 'GT', 'Guatemala'),
(91, 'GN', 'Guinea'),
(92, 'GW', 'Guinea-Bissau'),
(93, 'GY', 'Guyana'),
(94, 'HT', 'Haiti'),
(95, 'HM', 'Heard and Mc Donald Islands'),
(96, 'HN', 'Honduras'),
(97, 'HK', 'Hong Kong'),
(98, 'HU', 'Hungary'),
(99, 'IS', 'Iceland'),
(100, 'IN', 'India'),
(101, 'IM', 'Isle of Man'),
(102, 'ID', 'Indonesia'),
(103, 'IR', 'Iran (Islamic Republic of)'),
(104, 'IQ', 'Iraq'),
(105, 'IE', 'Ireland'),
(106, 'IL', 'Israel'),
(107, 'IT', 'Italy'),
(108, 'CI', 'Ivory Coast'),
(109, 'JE', 'Jersey'),
(110, 'JM', 'Jamaica'),
(111, 'JP', 'Japan'),
(112, 'JO', 'Jordan'),
(113, 'KZ', 'Kazakhstan'),
(114, 'KE', 'Kenya'),
(115, 'KI', 'Kiribati'),
(116, 'KP', 'Korea, Democratic People\'s Republic of'),
(117, 'KR', 'Korea, Republic of'),
(118, 'XK', 'Kosovo'),
(119, 'KW', 'Kuwait'),
(120, 'KG', 'Kyrgyzstan'),
(121, 'LA', 'Lao People\'s Democratic Republic'),
(122, 'LV', 'Latvia'),
(123, 'LB', 'Lebanon'),
(124, 'LS', 'Lesotho'),
(125, 'LR', 'Liberia'),
(126, 'LY', 'Libyan Arab Jamahiriya'),
(127, 'LI', 'Liechtenstein'),
(128, 'LT', 'Lithuania'),
(129, 'LU', 'Luxembourg'),
(130, 'MO', 'Macau'),
(131, 'MK', 'North Macedonia'),
(132, 'MG', 'Madagascar'),
(133, 'MW', 'Malawi'),
(134, 'MY', 'Malaysia'),
(135, 'MV', 'Maldives'),
(136, 'ML', 'Mali'),
(137, 'MT', 'Malta'),
(138, 'MH', 'Marshall Islands'),
(139, 'MQ', 'Martinique'),
(140, 'MR', 'Mauritania'),
(141, 'MU', 'Mauritius'),
(142, 'TY', 'Mayotte'),
(143, 'MX', 'Mexico'),
(144, 'FM', 'Micronesia, Federated States of'),
(145, 'MD', 'Moldova, Republic of'),
(146, 'MC', 'Monaco'),
(147, 'MN', 'Mongolia'),
(148, 'ME', 'Montenegro'),
(149, 'MS', 'Montserrat'),
(150, 'MA', 'Morocco'),
(151, 'MZ', 'Mozambique'),
(152, 'MM', 'Myanmar'),
(153, 'NA', 'Namibia'),
(154, 'NR', 'Nauru'),
(155, 'NP', 'Nepal'),
(156, 'NL', 'Netherlands'),
(157, 'AN', 'Netherlands Antilles'),
(158, 'NC', 'New Caledonia'),
(159, 'NZ', 'New Zealand'),
(160, 'NI', 'Nicaragua'),
(161, 'NE', 'Niger'),
(162, 'NG', 'Nigeria'),
(163, 'NU', 'Niue'),
(164, 'NF', 'Norfolk Island'),
(165, 'MP', 'Northern Mariana Islands'),
(166, 'NO', 'Norway'),
(167, 'OM', 'Oman'),
(168, 'PK', 'Pakistan'),
(169, 'PW', 'Palau'),
(170, 'PS', 'Palestine'),
(171, 'PA', 'Panama'),
(172, 'PG', 'Papua New Guinea'),
(173, 'PY', 'Paraguay'),
(174, 'PE', 'Peru'),
(175, 'PH', 'Philippines'),
(176, 'PN', 'Pitcairn'),
(177, 'PL', 'Poland'),
(178, 'PT', 'Portugal'),
(179, 'PR', 'Puerto Rico'),
(180, 'QA', 'Qatar'),
(181, 'RE', 'Reunion'),
(182, 'RO', 'Romania'),
(183, 'RU', 'Russian Federation'),
(184, 'RW', 'Rwanda'),
(185, 'KN', 'Saint Kitts and Nevis'),
(186, 'LC', 'Saint Lucia'),
(187, 'VC', 'Saint Vincent and the Grenadines'),
(188, 'WS', 'Samoa'),
(189, 'SM', 'San Marino'),
(190, 'ST', 'Sao Tome and Principe'),
(191, 'SA', 'Saudi Arabia'),
(192, 'SN', 'Senegal'),
(193, 'RS', 'Serbia'),
(194, 'SC', 'Seychelles'),
(195, 'SL', 'Sierra Leone'),
(196, 'SG', 'Singapore'),
(197, 'SK', 'Slovakia'),
(198, 'SI', 'Slovenia'),
(199, 'SB', 'Solomon Islands'),
(200, 'SO', 'Somalia'),
(201, 'ZA', 'South Africa'),
(202, 'GS', 'South Georgia South Sandwich Islands'),
(203, 'SS', 'South Sudan'),
(204, 'ES', 'Spain'),
(205, 'LK', 'Sri Lanka'),
(206, 'SH', 'St. Helena'),
(207, 'PM', 'St. Pierre and Miquelon'),
(208, 'SD', 'Sudan'),
(209, 'SR', 'Suriname'),
(210, 'SJ', 'Svalbard and Jan Mayen Islands'),
(211, 'SZ', 'Swaziland'),
(212, 'SE', 'Sweden'),
(213, 'CH', 'Switzerland'),
(214, 'SY', 'Syrian Arab Republic'),
(215, 'TW', 'Taiwan'),
(216, 'TJ', 'Tajikistan'),
(217, 'TZ', 'Tanzania, United Republic of'),
(218, 'TH', 'Thailand'),
(219, 'TG', 'Togo'),
(220, 'TK', 'Tokelau'),
(221, 'TO', 'Tonga'),
(222, 'TT', 'Trinidad and Tobago'),
(223, 'TN', 'Tunisia'),
(224, 'TR', 'Turkey'),
(225, 'TM', 'Turkmenistan'),
(226, 'TC', 'Turks and Caicos Islands'),
(227, 'TV', 'Tuvalu'),
(228, 'UG', 'Uganda'),
(229, 'UA', 'Ukraine'),
(230, 'AE', 'United Arab Emirates'),
(231, 'GB', 'United Kingdom'),
(232, 'US', 'United States'),
(233, 'UM', 'United States minor outlying islands'),
(234, 'UY', 'Uruguay'),
(235, 'UZ', 'Uzbekistan'),
(236, 'VU', 'Vanuatu'),
(237, 'VA', 'Vatican City State'),
(238, 'VE', 'Venezuela'),
(239, 'VN', 'Vietnam'),
(240, 'VG', 'Virgin Islands (British)'),
(241, 'VI', 'Virgin Islands (U.S.)'),
(242, 'WF', 'Wallis and Futuna Islands'),
(243, 'EH', 'Western Sahara'),
(244, 'YE', 'Yemen'),
(245, 'ZM', 'Zambia'),
(246, 'ZW', 'Zimbabwe');

-- --------------------------------------------------------

--
-- Table structure for table `customcontent`
--

CREATE TABLE `customcontent` (
  `id` int(11) NOT NULL,
  `text` longtext DEFAULT NULL,
  `image` varchar(255) DEFAULT NULL,
  `image2` varchar(255) DEFAULT NULL
) ENGINE=InnoDB DEFAULT CHARSET=latin1;

--
-- Dumping data for table `customcontent`
--

INSERT INTO `customcontent` (`id`, `text`, `image`, `image2`) VALUES
(1, '																																<p class=\"MsoNormal\"><b>Video provides a powerful way to help you prove your point.\r\nWhen you click Online Video, you can paste in the embed code for the video you\r\nwant to add. You can also type a keyword to search online for the video that\r\nbest fits your document.</b><o:p></o:p></p>\r\n\r\n<p class=\"MsoNormal\">To make your document look professionally produced, Word\r\nprovides header, footer, cover page, and text box designs that complement each\r\nother. For example, you can add a matching cover page, header, and sidebar.\r\nClick Insert and then choose the elements you want from the different\r\ngalleries.</p>																																										', 'thump_1581862209.jpg', 'thump1_1581863030.jpg');

-- --------------------------------------------------------

--
-- Table structure for table `emailsetting`
--

CREATE TABLE `emailsetting` (
  `id` int(11) NOT NULL,
  `senderName` varchar(100) NOT NULL,
  `host` varchar(100) NOT NULL,
  `username` varchar(100) NOT NULL,
  `password` varchar(100) NOT NULL,
  `secureType` varchar(10) NOT NULL,
  `port` int(5) DEFAULT NULL,
  `replyEmail` varchar(255) NOT NULL,
  `replyName` varchar(255) NOT NULL
) ENGINE=InnoDB DEFAULT CHARSET=latin1;

--
-- Dumping data for table `emailsetting`
--

INSERT INTO `emailsetting` (`id`, `senderName`, `host`, `username`, `password`, `secureType`, `port`, `replyEmail`, `replyName`) VALUES
(1, 'Happyzone', 'mail.example.com', 'noreply@example.com', 'example.com', 'tls', 465, 'support@ecomproject.tk', 'Happyzone');

-- --------------------------------------------------------

--
-- Table structure for table `footer`
--

CREATE TABLE `footer` (
  `id` int(11) NOT NULL,
  `name` varchar(255) NOT NULL,
  `discription` longtext DEFAULT NULL
) ENGINE=InnoDB DEFAULT CHARSET=latin1;

--
-- Dumping data for table `footer`
--

INSERT INTO `footer` (`id`, `name`, `discription`) VALUES
(1, 'Footer Text', '																																																<p class=\"MsoNormal\" style=\"font-size: 14px;\"><span style=\"font-size: 9pt; line-height: 12.84px; font-family: Arial, sans-serif; color: rgb(102, 102, 102); background-image: initial; background-position: initial; background-size: initial; background-repeat: initial; background-attachment: initial; background-origin: initial; background-clip: initial;\">Video provides a powerful way to help you prove your point. When you click Online Video, you can paste in the embed code for the video you want to add. You can also type a keyword to search online for the video that best fits your document.</span></p><p class=\"MsoNormal\" style=\"font-size: 14px;\"><span style=\"font-size: 9pt; line-height: 12.84px; font-family: Arial, sans-serif; color: rgb(102, 102, 102); background-image: initial; background-position: initial; background-size: initial; background-repeat: initial; background-attachment: initial; background-origin: initial; background-clip: initial;\">Ayeshan Dasantha&nbsp;</span></p>													\r\n																								\r\n																								\r\n																								\r\n											'),
(2, 'Facebook ', 'sas'),
(3, 'Twitter', 'sasas'),
(4, 'You Tube', 'https://youtube.com/1'),
(5, 'Printest', 'https://printest.com/1'),
(6, 'Blog', 'https://blog.com/1');

-- --------------------------------------------------------

--
-- Table structure for table `genaralsetting`
--

CREATE TABLE `genaralsetting` (
  `id` int(11) NOT NULL,
  `setting_name` varchar(250) NOT NULL,
  `setting_description` varchar(250) NOT NULL
) ENGINE=InnoDB DEFAULT CHARSET=latin1;

--
-- Dumping data for table `genaralsetting`
--

INSERT INTO `genaralsetting` (`id`, `setting_name`, `setting_description`) VALUES
(1, 'title', 'Happy Zone - Any Time, Any Place Happyzone.'),
(2, 'sitelink', 'https://www.ecomproject.tk'),
(3, 'timezone', 'Asia/Colombo'),
(4, 'logo', 'thump_1599287164.png'),
(5, 'slider_banner_1', 'thump_1599284562.jpg'),
(6, 'slider_banner_2', 'thump_1599284425.jpg'),
(7, 'slider_banner_3', 'thump_1599284259.jpg'),
(8, 'currency', 'Rs.'),
(9, 'description', 'Any Time, Any Place Happyzone.'),
(10, 'keywords', 'happyzone,zone,happy'),
(11, 'favicon', '8af3a74ede48e250ceb935c026242483.ico'),
(12, 'extenstions_user_uploads', '\"jpg\", \"gif\", \"png\", \"txt\", \"xls\",\"pdf\"'),
(13, 'max_upload_size_for_user_kb', '12000000');

-- --------------------------------------------------------

--
-- Table structure for table `googlerecapcha`
--

CREATE TABLE `googlerecapcha` (
  `id` int(11) NOT NULL,
  `secret_key` varchar(255) NOT NULL,
  `site_key` varchar(255) NOT NULL
) ENGINE=InnoDB DEFAULT CHARSET=latin1;

--
-- Dumping data for table `googlerecapcha`
--

INSERT INTO `googlerecapcha` (`id`, `secret_key`, `site_key`) VALUES
(1, 'secret_key', 'site_key');

-- --------------------------------------------------------

--
-- Table structure for table `orders`
--

CREATE TABLE `orders` (
  `id` int(11) NOT NULL,
  `userId` int(11) DEFAULT NULL,
  `productId` varchar(255) DEFAULT NULL,
  `quantity` int(11) DEFAULT NULL,
  `orderDate` timestamp NOT NULL DEFAULT current_timestamp(),
  `paymentMethod` varchar(50) DEFAULT NULL,
  `orderStatus` varchar(55) DEFAULT NULL,
  `orderTrackingCode` varchar(255) DEFAULT NULL,
  `paymentStatus` int(1) DEFAULT 0
) ENGINE=InnoDB DEFAULT CHARSET=latin1;

--
-- Dumping data for table `orders`
--

INSERT INTO `orders` (`id`, `userId`, `productId`, `quantity`, `orderDate`, `paymentMethod`, `orderStatus`, `orderTrackingCode`, `paymentStatus`) VALUES
(1, 1, '2', 1, '2020-09-08 08:59:14', 'Payhere', NULL, '06261911', 1),
(2, 1, '1', 1, '2020-10-19 02:10:34', 'COD', NULL, '35955', 0);

-- --------------------------------------------------------

--
-- Table structure for table `ordertrackhistory`
--

CREATE TABLE `ordertrackhistory` (
  `id` int(11) NOT NULL,
  `orderId` int(11) DEFAULT NULL,
  `status` varchar(255) DEFAULT NULL,
  `remark` mediumtext DEFAULT NULL,
  `postingDate` timestamp NOT NULL DEFAULT current_timestamp()
) ENGINE=InnoDB DEFAULT CHARSET=latin1;

-- --------------------------------------------------------

--
-- Table structure for table `pages`
--

CREATE TABLE `pages` (
  `id` int(11) NOT NULL,
  `PageName` varchar(255) DEFAULT NULL,
  `type` varchar(255) NOT NULL DEFAULT '',
  `detail` longtext NOT NULL
) ENGINE=InnoDB DEFAULT CHARSET=latin1;

--
-- Dumping data for table `pages`
--

INSERT INTO `pages` (`id`, `PageName`, `type`, `detail`) VALUES
(1, 'About Us', 'about-us', 'sa'),
(2, 'Delivery Information', 'delivery-info', 'sa'),
(3, 'Privacy Policy', 'privacy-policy', 'sas'),
(4, 'Terms & Conditions', 'terms-condition', 'sasas'),
(5, 'Returns', 'returns', 'afs');

-- --------------------------------------------------------

--
-- Table structure for table `paymentsetting`
--

CREATE TABLE `paymentsetting` (
  `id` int(11) NOT NULL,
  `paymentmethord` varchar(255) NOT NULL,
  `secret_key` varchar(255) NOT NULL,
  `site_key` varchar(255) NOT NULL
) ENGINE=InnoDB DEFAULT CHARSET=latin1;

--
-- Dumping data for table `paymentsetting`
--

INSERT INTO `paymentsetting` (`id`, `paymentmethord`, `secret_key`, `site_key`) VALUES
(1, 'Payhere', '123', '123');

-- --------------------------------------------------------

--
-- Table structure for table `productreviews`
--

CREATE TABLE `productreviews` (
  `id` int(11) NOT NULL,
  `productId` int(11) DEFAULT NULL,
  `quality` int(11) DEFAULT NULL,
  `price` int(11) DEFAULT NULL,
  `value` int(11) DEFAULT NULL,
  `name` varchar(255) DEFAULT NULL,
  `summary` varchar(255) DEFAULT NULL,
  `review` longtext DEFAULT NULL,
  `reviewDate` timestamp NOT NULL DEFAULT current_timestamp()
) ENGINE=InnoDB DEFAULT CHARSET=latin1;

-- --------------------------------------------------------

--
-- Table structure for table `products`
--

CREATE TABLE `products` (
  `id` int(11) NOT NULL,
  `category` int(11) NOT NULL,
  `subCategory` int(11) DEFAULT NULL,
  `productName` varchar(255) DEFAULT NULL,
  `productCompany` varchar(255) DEFAULT NULL,
  `productPrice` int(11) DEFAULT NULL,
  `productPriceBeforeDiscount` int(11) DEFAULT NULL,
  `productDescription` longtext DEFAULT NULL,
  `productImage1` varchar(255) DEFAULT NULL,
  `productImage2` varchar(255) DEFAULT NULL,
  `productImage3` varchar(255) DEFAULT NULL,
  `shippingCharge` int(11) DEFAULT NULL,
  `productAvailability` varchar(255) DEFAULT NULL,
  `postingDate` timestamp NULL DEFAULT current_timestamp(),
  `updationDate` varchar(255) DEFAULT NULL,
  `productResizeImage1` varchar(255) DEFAULT NULL,
  `productResizeImage2` varchar(255) DEFAULT NULL,
  `productResizeImage3` varchar(255) DEFAULT NULL,
  `productResizeImage50_1` varchar(255) DEFAULT NULL,
  `productResizeImage50_2` varchar(255) DEFAULT NULL,
  `productResizeImage50_3` varchar(255) DEFAULT NULL,
  `specialstatus` int(1) DEFAULT 0,
  `featuredstatus` int(1) DEFAULT 0,
  `productDiscount` varchar(50) DEFAULT '0'
) ENGINE=InnoDB DEFAULT CHARSET=latin1;

--
-- Dumping data for table `products`
--

INSERT INTO `products` (`id`, `category`, `subCategory`, `productName`, `productCompany`, `productPrice`, `productPriceBeforeDiscount`, `productDescription`, `productImage1`, `productImage2`, `productImage3`, `shippingCharge`, `productAvailability`, `postingDate`, `updationDate`, `productResizeImage1`, `productResizeImage2`, `productResizeImage3`, `productResizeImage50_1`, `productResizeImage50_2`, `productResizeImage50_3`, `specialstatus`, `featuredstatus`, `productDiscount`) VALUES
(1, 1, 6, 'Micromax 81cm (32) HD Ready LED TV ', '10', 15000, 1800, '                          ', 'thump1_1582289657.jpg', 'thump2_1582289697.jpeg', 'thump3_1582289647.jpeg', 500, 'In Stock', '2020-02-21 12:54:08', NULL, 'thump11_1582289657.jpg', 'thump12_1582289697.jpeg', 'thump13_1582289647.jpeg', 'thump111_1582289657.jpg', 'thump122_1582289697.jpeg', 'thump133_1582289647.jpeg', 0, 1, '10'),
(2, 2, 1, 'Apple iPhone 6 (Silver, 16 GB)', '2', 2000, 2500, '              ', 'thump1_1582293648.jpeg', 'thump2_1582293689.jpeg', 'thump3_1582293639.jpeg', 100, 'Out of Stock', '2020-02-21 14:00:39', NULL, 'thump11_1582293648.jpeg', 'thump12_1582293689.jpeg', 'thump13_1582293639.jpeg', 'thump111_1582293648.jpeg', 'thump122_1582293689.jpeg', 'thump133_1582293639.jpeg', 1, 1, '4'),
(3, 3, 8, 'Demo Prodcut 1', '2', 2000, 2500, '      ', 'thump1_1585224674.jpg', 'thump2_1585224714.jpg', 'thump3_1585224665.jpg', 100, 'In Stock', '2020-03-26 12:11:06', NULL, 'thump11_1585224674.jpg', 'thump12_1585224714.jpg', 'thump13_1585224665.jpg', 'thump111_1585224674.jpg', 'thump122_1585224714.jpg', 'thump133_1585224665.jpg', 1, 1, '10'),
(4, 4, 1, 'Demo Prodcut 2', '1', 2000, 2500, '  ', 'thump1_1585370615.jpg', 'thump2_1585370655.jpg', 'thump3_1585370605.jpg', 100, 'In Stock', '2020-03-28 04:43:25', NULL, 'thump11_1585370615.jpg', 'thump12_1585370655.jpg', 'thump13_1585370605.jpg', 'thump111_1585370615.jpg', 'thump122_1585370655.jpg', 'thump133_1585370605.jpg', 1, 1, '2'),
(5, 5, 1, 'Demo Prodcut 3', '1', 2000, 2500, '  ', 'thump1_1585370645.jpg', 'thump2_1585370685.jpg', 'thump3_1585370635.jpg', 100, 'In Stock', '2020-03-28 04:43:55', NULL, 'thump11_1585370645.jpg', 'thump12_1585370685.jpg', 'thump13_1585370635.jpg', 'thump111_1585370645.jpg', 'thump122_1585370685.jpg', 'thump133_1585370635.jpg', 0, 1, '4'),
(6, 6, 1, 'Demo Prodcut 4', '1', 2000, 2500, '  ', 'thump1_1585370671.jpg', 'thump2_1585370711.jpg', 'thump3_1585370661.jpg', 100, 'In Stock', '2020-03-28 04:44:21', NULL, 'thump11_1585370671.jpg', 'thump12_1585370711.jpg', 'thump13_1585370661.jpg', 'thump111_1585370671.jpg', 'thump122_1585370711.jpg', 'thump133_1585370661.jpg', 0, 1, '20'),
(7, 1, 1, 'Demo Prodcut 5', '1', 2000, 2500, '  ', 'thump1_1585370850.jpg', 'thump2_1585370890.jpg', 'thump3_1585370840.jpg', 100, 'In Stock', '2020-03-28 04:47:20', NULL, 'thump11_1585370850.jpg', 'thump12_1585370890.jpg', 'thump13_1585370840.jpg', 'thump111_1585370850.jpg', 'thump122_1585370890.jpg', 'thump133_1585370840.jpg', 0, 0, '5'),
(8, 1, 1, 'Demo Prodcut 6', '1', 2000, 2500, '  ', 'thump1_1585370881.jpg', 'thump2_1585370922.jpg', 'thump3_1585370872.jpg', 100, 'In Stock', '2020-03-28 04:47:52', NULL, 'thump11_1585370881.jpg', 'thump12_1585370922.jpg', 'thump13_1585370872.jpg', 'thump111_1585370881.jpg', 'thump122_1585370922.jpg', 'thump133_1585370872.jpg', 0, 0, '4'),
(9, 1, 2, 'Demo Prodcut 7', '2', 2000, 2500, '  ', 'thump1_1585370922.jpg', 'thump2_1585370962.jpg', 'thump3_1585370912.jpg', 100, 'In Stock', '2020-03-28 04:48:32', NULL, 'thump11_1585370922.jpg', 'thump12_1585370962.jpg', 'thump13_1585370912.jpg', 'thump111_1585370922.jpg', 'thump122_1585370962.jpg', 'thump133_1585370912.jpg', 0, 0, '0'),
(10, 1, 2, 'Demo Prodcut 8', '5', 2000, 2500, '  ', 'thump1_1585370949.jpg', 'thump2_1585370989.jpg', 'thump3_1585370940.jpg', 100, 'In Stock', '2020-03-28 04:49:00', NULL, 'thump11_1585370949.jpg', 'thump12_1585370989.jpg', 'thump13_1585370940.jpg', 'thump111_1585370949.jpg', 'thump122_1585370989.jpg', 'thump133_1585370940.jpg', 0, 0, '0'),
(11, 1, 3, 'Demo Prodcut 10', '2', 2000, 2500, '  ', 'thump1_1585370986.jpg', 'thump2_1585371026.jpg', 'thump3_1585370976.jpg', 100, 'In Stock', '2020-03-28 04:49:37', NULL, 'thump11_1585370986.jpg', 'thump12_1585371026.jpg', 'thump13_1585370976.jpg', 'thump111_1585370986.jpg', 'thump122_1585371026.jpg', 'thump133_1585370976.jpg', 0, 0, '0'),
(12, 1, 1, 'Demo Prodcut 11', '1', 2000, 2500, 'dsada', 'thump1_1585371045.jpg', 'thump2_1585371085.jpg', 'thump3_1585371035.jpg', 100, 'In Stock', '2020-03-28 04:50:36', NULL, 'thump11_1585371045.jpg', 'thump12_1585371085.jpg', 'thump13_1585371035.jpg', 'thump111_1585371045.jpg', 'thump122_1585371085.jpg', 'thump133_1585371035.jpg', 0, 0, '0'),
(13, 1, 1, 'Demo Prodcut 11', '1', 2000, 2500, '  ', 'thump1_1585371282.jpg', 'thump2_1585371322.jpg', 'thump3_1585371272.jpg', 100, 'In Stock', '2020-03-28 04:54:32', NULL, 'thump11_1585371282.jpg', 'thump12_1585371322.jpg', 'thump13_1585371272.jpg', 'thump111_1585371282.jpg', 'thump122_1585371322.jpg', 'thump133_1585371272.jpg', 0, 0, '0'),
(14, 1, 4, 'Demo Prodcut 12', '2', 2000, 2500, 'sda', 'thump1_1585371313.jpg', 'thump2_1585371354.jpg', 'thump3_1585371304.jpg', 100, 'In Stock', '2020-03-28 04:55:04', NULL, 'thump11_1585371313.jpg', 'thump12_1585371354.jpg', 'thump13_1585371304.jpg', 'thump111_1585371313.jpg', 'thump122_1585371354.jpg', 'thump133_1585371304.jpg', 0, 0, '0'),
(15, 1, 3, 'Demo Prodcut 13', '9', 2000, 2500, 'dsg', 'thump1_1585371348.jpg', 'thump2_1585371388.jpg', 'thump3_1585371338.jpg', 100, 'In Stock', '2020-03-28 04:55:38', NULL, 'thump11_1585371348.jpg', 'thump12_1585371388.jpg', 'thump13_1585371338.jpg', 'thump111_1585371348.jpg', 'thump122_1585371388.jpg', 'thump133_1585371338.jpg', 0, 0, '0'),
(16, 1, 1, 'Demo Prodcut 14', '1', 2000, 2500, 'sfdaf', 'thump1_1585371373.jpg', 'thump2_1585371414.jpg', 'thump3_1585371364.jpg', 100, 'In Stock', '2020-03-28 04:56:04', NULL, 'thump11_1585371373.jpg', 'thump12_1585371414.jpg', 'thump13_1585371364.jpg', 'thump111_1585371373.jpg', 'thump122_1585371414.jpg', 'thump133_1585371364.jpg', 0, 0, '0'),
(17, 1, 1, 'Demo Prodcut 15', '2', 2000, 2500, 'sdf', 'thump1_1585371403.jpg', 'thump2_1585371443.jpg', 'thump3_1585371394.jpg', 100, 'In Stock', '2020-03-28 04:56:34', NULL, 'thump11_1585371403.jpg', 'thump12_1585371443.jpg', 'thump13_1585371394.jpg', 'thump111_1585371403.jpg', 'thump122_1585371443.jpg', 'thump133_1585371394.jpg', 0, 0, '0'),
(18, 1, 2, 'Demo Prodcut 16', '11', 2000, 2500, 'wresdgx', 'thump1_1585371429.jpg', 'thump2_1585371469.jpg', 'thump3_1585371419.jpg', 100, 'In Stock', '2020-03-28 04:56:59', NULL, 'thump11_1585371429.jpg', 'thump12_1585371469.jpg', 'thump13_1585371419.jpg', 'thump111_1585371429.jpg', 'thump122_1585371469.jpg', 'thump133_1585371419.jpg', 0, 0, '0'),
(19, 1, 1, 'Demo Prodcut 17', '8', 2000, 2500, 'cszxc', 'thump1_1585371478.jpg', 'thump2_1585371519.jpg', 'thump3_1585371469.jpg', 100, 'In Stock', '2020-03-28 04:57:49', NULL, 'thump11_1585371478.jpg', 'thump12_1585371519.jpg', 'thump13_1585371469.jpg', 'thump111_1585371478.jpg', 'thump122_1585371519.jpg', 'thump133_1585371469.jpg', 0, 0, '0'),
(20, 1, 3, 'Demo Prodcut 18', '11', 2000, 2500, '  ', 'thump1_1585371505.jpg', 'thump2_1585371545.jpg', 'thump3_1585371495.jpg', 100, 'In Stock', '2020-03-28 04:58:16', NULL, 'thump11_1585371505.jpg', 'thump12_1585371545.jpg', 'thump13_1585371495.jpg', 'thump111_1585371505.jpg', 'thump122_1585371545.jpg', 'thump133_1585371495.jpg', 0, 0, '50'),
(21, 1, 1, 'Demo Prodcut 19', '3', 2000, 2500, 'dasf', 'thump1_1585371531.jpg', 'thump2_1585371571.jpg', 'thump3_1585371521.jpg', 100, 'In Stock', '2020-03-28 04:58:41', NULL, 'thump11_1585371531.jpg', 'thump12_1585371571.jpg', 'thump13_1585371521.jpg', 'thump111_1585371531.jpg', 'thump122_1585371571.jpg', 'thump133_1585371521.jpg', 0, 0, '0'),
(22, 1, 1, 'Demo Prodcut 20', '1', 2000, 2500, '  fsdfsd  ', 'thump1_1585371559.jpg', 'thump2_1585371600.jpg', 'thump3_1585371550.jpg', 1000, 'In Stock', '2020-03-28 04:59:10', NULL, 'thump11_1585371559.jpg', 'thump12_1585371600.jpg', 'thump13_1585371550.jpg', 'thump111_1585371559.jpg', 'thump122_1585371600.jpg', 'thump133_1585371550.jpg', 0, 0, '0'),
(23, 0, 0, 'Demo Prodcut 21', '1', 0, 0, '', 'thump1_1585371587.jpg', 'thump2_1585371627.jpg', 'thump3_1585371577.jpg', 0, '', '2020-03-28 04:59:37', NULL, 'thump11_1585371587.jpg', 'thump12_1585371627.jpg', 'thump13_1585371577.jpg', 'thump111_1585371587.jpg', 'thump122_1585371627.jpg', 'thump133_1585371577.jpg', 0, 0, ''),
(24, 1, 1, 'Demo Prodcut 111', '1', 2000, 2500, '              ', 'thump1_1585381578.jpg', 'thump2_1585381618.jpg', 'thump3_1585381568.jpg', 100, 'In Stock', '2020-03-28 07:46:08', NULL, 'thump11_1585381578.jpg', 'thump12_1585381618.jpg', 'thump13_1585381568.jpg', 'thump111_1585381578.jpg', 'thump122_1585381618.jpg', 'thump133_1585381568.jpg', 0, 0, '5');

-- --------------------------------------------------------

--
-- Table structure for table `sideblock`
--

CREATE TABLE `sideblock` (
  `id` int(11) NOT NULL,
  `idname` varchar(255) NOT NULL,
  `name` varchar(255) NOT NULL,
  `discription` varchar(255) DEFAULT NULL
) ENGINE=InnoDB DEFAULT CHARSET=latin1;

--
-- Dumping data for table `sideblock`
--

INSERT INTO `sideblock` (`id`, `idname`, `name`, `discription`) VALUES
(1, 'Facebook', 'Facebook Name', 'Facebook Profile/Page URL'),
(2, 'Twitter', 'Twitter Name', 'Twitter Profile/Page URL'),
(3, 'Youtube', 'Youtube Video Name', 'Youtube Embed Src URL'),
(4, 'Image', 'e352431730994fbacbd5fedfedb4073b.jpg', 'Image1');

-- --------------------------------------------------------

--
-- Table structure for table `sitemaintenance`
--

CREATE TABLE `sitemaintenance` (
  `id` int(11) NOT NULL,
  `ToDateTIme` varchar(100) NOT NULL,
  `title` varchar(500) NOT NULL,
  `qutoes` varchar(1000) NOT NULL,
  `status` int(5) NOT NULL
) ENGINE=InnoDB DEFAULT CHARSET=latin1;

--
-- Dumping data for table `sitemaintenance`
--

INSERT INTO `sitemaintenance` (`id`, `ToDateTIme`, `title`, `qutoes`, `status`) VALUES
(1, '2020-09-14T02:02', 'SITE UNDER MAINTENANCE', 'Sorry for the inconvenience.To improve our services, we have momentarily shutdown our site.', 0);

-- --------------------------------------------------------

--
-- Table structure for table `subcategory`
--

CREATE TABLE `subcategory` (
  `id` int(11) NOT NULL,
  `categoryid` int(11) DEFAULT NULL,
  `subcategory` varchar(255) DEFAULT NULL,
  `creationDate` timestamp NULL DEFAULT current_timestamp(),
  `updationDate` varchar(255) DEFAULT NULL,
  `subcategoryImage` varchar(255) NOT NULL
) ENGINE=InnoDB DEFAULT CHARSET=latin1;

--
-- Dumping data for table `subcategory`
--

INSERT INTO `subcategory` (`id`, `categoryid`, `subcategory`, `creationDate`, `updationDate`, `subcategoryImage`) VALUES
(1, 1, 'Mobiless', '2017-01-26 16:24:52', '11-04-2020 10:57:58 AM', 'thump_1586582878.jpg'),
(2, 1, 'Laptops', '2017-01-26 16:29:09', '27-03-2020 10:12:17 AM', 'thump_1585284137.jpeg'),
(3, 1, 'Desktops', '2017-01-30 16:55:48', '26-03-2020 04:45:27 PM', ''),
(4, 1, 'Gaming Consoles', '2017-02-04 04:12:40', '26-03-2020 04:45:53 PM', ''),
(5, 1, 'Cameras', '2017-02-04 04:13:00', '26-03-2020 04:46:10 PM', ''),
(6, 1, 'TV & Home Appliances', '2017-02-04 04:13:27', '26-03-2020 04:46:34 PM', ''),
(7, 1, 'Home Audio', '2017-02-04 04:13:54', '26-03-2020 04:46:52 PM', ''),
(8, 2, 'Beds', '2017-02-04 04:36:45', '', ''),
(9, 2, 'Sofas', '2017-02-04 04:37:02', '', ''),
(10, 2, 'Dining Tables', '2017-02-04 04:37:51', '', ''),
(11, 1, 'Men Footwears', '2017-03-10 20:12:59', '31-03-2020 08:35:07 AM', 'thump_1585623907.jpg'),
(13, 11, 'Sport Clothes', '2020-03-27 04:34:41', NULL, 'thump_1585283681.jpeg'),
(15, 1, 'test 7', '2020-03-27 04:53:37', NULL, 'thump_1585284817.jpeg'),
(16, 9, 'Groceries', '2020-10-18 16:46:13', NULL, 'thump_1603039573.jpg');

-- --------------------------------------------------------

--
-- Table structure for table `tblcontactusquery`
--

CREATE TABLE `tblcontactusquery` (
  `id` int(11) NOT NULL,
  `name` varchar(100) DEFAULT NULL,
  `EmailId` varchar(120) DEFAULT NULL,
  `ContactNumber` char(11) DEFAULT NULL,
  `Message` longtext DEFAULT NULL,
  `PostingDate` timestamp NOT NULL DEFAULT current_timestamp(),
  `status` int(11) DEFAULT NULL
) ENGINE=InnoDB DEFAULT CHARSET=latin1;

--
-- Dumping data for table `tblcontactusquery`
--

INSERT INTO `tblcontactusquery` (`id`, `name`, `EmailId`, `ContactNumber`, `Message`, `PostingDate`, `status`) VALUES
(1, 'Den', 'info@orderdomains.com', 'ATTENTION', 'DOMAIN ecomproject.tk IMMEDIATE TERMINATION\r\nInvoice#: 576833\r\nDate: 2021-05-12\r\n\r\nINSTANT ATTENTION REQUIRED IN REGARDS TO YOUR DOMAIN ecomproject.tk\r\n\r\nYOUR DOMAIN ecomproject.tk WILL BE TERMINATED WITHIN 12 HOURS\r\n\r\nWe have not received your payment for the renewal of your domain ecomproject.tk\r\n\r\nWe have tried to reach you by phone several times, to inform you in regards of the TERMINATION of your domain ecomproject.tk\r\n\r\nCLICK HERE FOR SECURE ONLINE PAYMENT: https://orderingdomains.ga/?n=ecomproject.tk&r=a&t=1620681053&p=v12\r\n\r\nIF WE DO NOT RECEIVE YOUR PAYMENT WITHIN 12 HOURS, YOUR DOMAIN ecomproject.tk WILL BE TERMINATED!\r\n\r\nCLICK HERE FOR SECURE ONLINE PAYMENT: https://orderingdomains.ga/?n=ecomproject.tk&r=a&t=1620681053&p=v12\r\n\r\nYOUR IMMEDIATE ATTENTION IS ABSOLUTELY NECESSARY IN ORDER TO KEEP YOUR DOMAIN ecomproject.tk\r\n\r\nThis important notification for ecomproject.tk will EXPIRE WITHIN 12 HOURS after you have received this email!', '2021-05-10 21:11:01', NULL),
(2, 'Helen Brinkley', 'helen@bestlocaldata.com', '', 'Hello from BestLocalData.com\r\n\r\nDue to the pandemic BestLocalData.com is shutting down on the 14th of May.\r\n\r\nWe have more than a 100 million records of Key Executives all over the world.\r\n\r\nWe hope that this Data will serve other companies to succeed in their marketing efforts.\r\n\r\nWe have reduced all the prices to next to nothing on our website BestLocalData.com\r\n\r\nWe wish you the best in your future endeavours.', '2021-05-11 21:10:16', NULL),
(3, 'Erick Mullis', 'erick@bestlocaldata.com', '', 'It is with sad regret to inform you that because of the Covid pandemic BestLocalData.com is shutting down at the end of the month.\r\n\r\nWe have lost family members and colleagues and have decided to shut down BestLocalData.com\r\n\r\nIt was a pleasure serving you all these years. We have made all our databases available for $99 (All of it for $99) for those interested.\r\n\r\nKind Regards,\r\nBestLocalData.com\r\nErick', '2021-06-29 00:49:30', NULL),
(4, 'Audrea Niles', 'audrea@order-fulfillment.net', '', 'Hi , \r\n\r\nI am following up on my message below.\r\n\r\nWho would I speak with about handling your US order fulfillment and shipping?\r\n\r\nRegards,\r\nAudrea\r\norder-fulfillment.net\r\n\r\n------------------------------------------------------------------------\r\n\r\nHi,\r\n\r\nWho would I speak with at your company that manages your product shipping and order fulfillment?\r\n\r\nWe are US company, offering warehousing, order fulfillment and drop shipping to our customers since 2005.\r\n\r\nHere are some of the items we ship for clients:\r\n\r\n        -Books, training manuals, guides\r\n        -E-com product drop shipping\r\n        -New member welcomes boxes and gifts\r\n        -Product samples\r\n        -Health and Medical supplements\r\n        -Marketing materials\r\n        -Medical program test kits\r\n        -Follow up gifts to clients, leads, and prospects\r\n\r\nDo you have some time to discuss - phone / email ?\r\n\r\nThanks,\r\n\r\nFulfillment Specialist\r\nwww.Order-Fulfillment.net', '2021-06-30 20:52:42', NULL),
(5, 'Donald Cole', 'kendrickbells@donaldocole.com', 'kendrickbel', 'Good day \r\n \r\nI`m seeking a reputable company/individual to partner with in a manner that would benefit both parties. The project is worth $24 Million so \r\nIf interested, kindly contact me through this email donaldcole@donaldocole.com for clarification. \r\n \r\nI await your response. \r\n \r\nThanks, \r\n \r\nDonald Cole', '2021-07-16 09:27:13', NULL);

-- --------------------------------------------------------

--
-- Table structure for table `timezones`
--

CREATE TABLE `timezones` (
  `CountryCode` char(2) NOT NULL,
  `Coordinates` char(15) NOT NULL,
  `TimeZone` char(32) NOT NULL,
  `Comments` varchar(85) NOT NULL,
  `UTC offset` char(8) NOT NULL,
  `UTC DST offset` char(8) NOT NULL,
  `Notes` varchar(79) DEFAULT NULL
) ENGINE=InnoDB DEFAULT CHARSET=utf8;

--
-- Dumping data for table `timezones`
--

INSERT INTO `timezones` (`CountryCode`, `Coordinates`, `TimeZone`, `Comments`, `UTC offset`, `UTC DST offset`, `Notes`) VALUES
('CI', '+0519-00402', 'Africa/Abidjan', '', '+00:00', '+00:00', ''),
('GH', '+0533-00013', 'Africa/Accra', '', '+00:00', '+00:00', ''),
('ET', '+0902+03842', 'Africa/Addis_Ababa', '', '+03:00', '+03:00', ''),
('DZ', '+3647+00303', 'Africa/Algiers', '', '+01:00', '+01:00', ''),
('ER', '+1520+03853', 'Africa/Asmara', '', '+03:00', '+03:00', ''),
('', '', 'Africa/Asmera', '', '+03:00', '+03:00', 'Link to Africa/Asmara'),
('ML', '+1239-00800', 'Africa/Bamako', '', '+00:00', '+00:00', ''),
('CF', '+0422+01835', 'Africa/Bangui', '', '+01:00', '+01:00', ''),
('GM', '+1328-01639', 'Africa/Banjul', '', '+00:00', '+00:00', ''),
('GW', '+1151-01535', 'Africa/Bissau', '', '+00:00', '+00:00', ''),
('MW', '-1547+03500', 'Africa/Blantyre', '', '+02:00', '+02:00', ''),
('CG', '-0416+01517', 'Africa/Brazzaville', '', '+01:00', '+01:00', ''),
('BI', '-0323+02922', 'Africa/Bujumbura', '', '+02:00', '+02:00', ''),
('EG', '+3003+03115', 'Africa/Cairo', '', '+02:00', '+02:00', 'DST has been canceled since 2011'),
('MA', '+3339-00735', 'Africa/Casablanca', '', '+00:00', '+01:00', ''),
('ES', '+3553-00519', 'Africa/Ceuta', 'Ceuta & Melilla', '+01:00', '+02:00', ''),
('GN', '+0931-01343', 'Africa/Conakry', '', '+00:00', '+00:00', ''),
('SN', '+1440-01726', 'Africa/Dakar', '', '+00:00', '+00:00', ''),
('TZ', '-0648+03917', 'Africa/Dar_es_Salaam', '', '+03:00', '+03:00', ''),
('DJ', '+1136+04309', 'Africa/Djibouti', '', '+03:00', '+03:00', ''),
('CM', '+0403+00942', 'Africa/Douala', '', '+01:00', '+01:00', ''),
('EH', '+2709-01312', 'Africa/El_Aaiun', '', '+00:00', '+00:00', ''),
('SL', '+0830-01315', 'Africa/Freetown', '', '+00:00', '+00:00', ''),
('BW', '-2439+02555', 'Africa/Gaborone', '', '+02:00', '+02:00', ''),
('ZW', '-1750+03103', 'Africa/Harare', '', '+02:00', '+02:00', ''),
('ZA', '-2615+02800', 'Africa/Johannesburg', '', '+02:00', '+02:00', ''),
('SS', '+0451+03136', 'Africa/Juba', '', '+03:00', '+03:00', ''),
('UG', '+0019+03225', 'Africa/Kampala', '', '+03:00', '+03:00', ''),
('SD', '+1536+03232', 'Africa/Khartoum', '', '+03:00', '+03:00', ''),
('RW', '-0157+03004', 'Africa/Kigali', '', '+02:00', '+02:00', ''),
('CD', '-0418+01518', 'Africa/Kinshasa', 'west Dem. Rep. of Congo', '+01:00', '+01:00', ''),
('NG', '+0627+00324', 'Africa/Lagos', '', '+01:00', '+01:00', ''),
('GA', '+0023+00927', 'Africa/Libreville', '', '+01:00', '+01:00', ''),
('TG', '+0608+00113', 'Africa/Lome', '', '+00:00', '+00:00', ''),
('AO', '-0848+01314', 'Africa/Luanda', '', '+01:00', '+01:00', ''),
('CD', '-1140+02728', 'Africa/Lubumbashi', 'east Dem. Rep. of Congo', '+02:00', '+02:00', ''),
('ZM', '-1525+02817', 'Africa/Lusaka', '', '+02:00', '+02:00', ''),
('GQ', '+0345+00847', 'Africa/Malabo', '', '+01:00', '+01:00', ''),
('MZ', '-2558+03235', 'Africa/Maputo', '', '+02:00', '+02:00', ''),
('LS', '-2928+02730', 'Africa/Maseru', '', '+02:00', '+02:00', ''),
('SZ', '-2618+03106', 'Africa/Mbabane', '', '+02:00', '+02:00', ''),
('SO', '+0204+04522', 'Africa/Mogadishu', '', '+03:00', '+03:00', ''),
('LR', '+0618-01047', 'Africa/Monrovia', '', '+00:00', '+00:00', ''),
('KE', '-0117+03649', 'Africa/Nairobi', '', '+03:00', '+03:00', ''),
('TD', '+1207+01503', 'Africa/Ndjamena', '', '+01:00', '+01:00', ''),
('NE', '+1331+00207', 'Africa/Niamey', '', '+01:00', '+01:00', ''),
('MR', '+1806-01557', 'Africa/Nouakchott', '', '+00:00', '+00:00', ''),
('BF', '+1222-00131', 'Africa/Ouagadougou', '', '+00:00', '+00:00', ''),
('BJ', '+0629+00237', 'Africa/Porto-Novo', '', '+01:00', '+01:00', ''),
('ST', '+0020+00644', 'Africa/Sao_Tome', '', '+00:00', '+00:00', ''),
('', '', 'Africa/Timbuktu', '', '+00:00', '+00:00', 'Link to Africa/Bamako'),
('LY', '+3254+01311', 'Africa/Tripoli', '', '+01:00', '+02:00', ''),
('TN', '+3648+01011', 'Africa/Tunis', '', '+01:00', '+01:00', ''),
('NA', '-2234+01706', 'Africa/Windhoek', '', '+01:00', '+02:00', ''),
('', '', 'AKST9AKDT', '', '−09:00', '−08:00', 'Link to America/Anchorage'),
('US', '+515248-1763929', 'America/Adak', 'Aleutian Islands', '−10:00', '−09:00', ''),
('US', '+611305-1495401', 'America/Anchorage', 'Alaska Time', '−09:00', '−08:00', ''),
('AI', '+1812-06304', 'America/Anguilla', '', '−04:00', '−04:00', ''),
('AG', '+1703-06148', 'America/Antigua', '', '−04:00', '−04:00', ''),
('BR', '-0712-04812', 'America/Araguaina', 'Tocantins', '−03:00', '−03:00', ''),
('AR', '-3436-05827', 'America/Argentina/Buenos_Aires', 'Buenos Aires (BA, CF)', '−03:00', '−03:00', ''),
('AR', '-2828-06547', 'America/Argentina/Catamarca', 'Catamarca (CT), Chubut (CH)', '−03:00', '−03:00', ''),
('', '', 'America/Argentina/ComodRivadavia', '', '−03:00', '−03:00', 'Link to America/Argentina/Catamarca'),
('AR', '-3124-06411', 'America/Argentina/Cordoba', 'most locations (CB, CC, CN, ER, FM, MN, SE, SF)', '−03:00', '−03:00', ''),
('AR', '-2411-06518', 'America/Argentina/Jujuy', 'Jujuy (JY)', '−03:00', '−03:00', ''),
('AR', '-2926-06651', 'America/Argentina/La_Rioja', 'La Rioja (LR)', '−03:00', '−03:00', ''),
('AR', '-3253-06849', 'America/Argentina/Mendoza', 'Mendoza (MZ)', '−03:00', '−03:00', ''),
('AR', '-5138-06913', 'America/Argentina/Rio_Gallegos', 'Santa Cruz (SC)', '−03:00', '−03:00', ''),
('AR', '-2447-06525', 'America/Argentina/Salta', '(SA, LP, NQ, RN)', '−03:00', '−03:00', ''),
('AR', '-3132-06831', 'America/Argentina/San_Juan', 'San Juan (SJ)', '−03:00', '−03:00', ''),
('AR', '-3319-06621', 'America/Argentina/San_Luis', 'San Luis (SL)', '−03:00', '−03:00', ''),
('AR', '-2649-06513', 'America/Argentina/Tucuman', 'Tucuman (TM)', '−03:00', '−03:00', ''),
('AR', '-5448-06818', 'America/Argentina/Ushuaia', 'Tierra del Fuego (TF)', '−03:00', '−03:00', ''),
('AW', '+1230-06958', 'America/Aruba', '', '−04:00', '−04:00', ''),
('PY', '-2516-05740', 'America/Asuncion', '', '−04:00', '−03:00', ''),
('CA', '+484531-0913718', 'America/Atikokan', 'Eastern Standard Time - Atikokan, Ontario and Southampton I, Nunavut', '−05:00', '−05:00', ''),
('', '', 'America/Atka', '', '−10:00', '−09:00', 'Link to America/Adak'),
('BR', '-1259-03831', 'America/Bahia', 'Bahia', '−03:00', '−03:00', ''),
('MX', '+2048-10515', 'America/Bahia_Banderas', 'Mexican Central Time - Bahia de Banderas', '−06:00', '−05:00', ''),
('BB', '+1306-05937', 'America/Barbados', '', '−04:00', '−04:00', ''),
('BR', '-0127-04829', 'America/Belem', 'Amapa, E Para', '−03:00', '−03:00', ''),
('BZ', '+1730-08812', 'America/Belize', '', '−06:00', '−06:00', ''),
('CA', '+5125-05707', 'America/Blanc-Sablon', 'Atlantic Standard Time - Quebec - Lower North Shore', '−04:00', '−04:00', ''),
('BR', '+0249-06040', 'America/Boa_Vista', 'Roraima', '−04:00', '−04:00', ''),
('CO', '+0436-07405', 'America/Bogota', '', '−05:00', '−05:00', ''),
('US', '+433649-1161209', 'America/Boise', 'Mountain Time - south Idaho & east Oregon', '−07:00', '−06:00', ''),
('', '', 'America/Buenos_Aires', '', '−03:00', '−03:00', 'Link to America/Argentina/Buenos_Aires'),
('CA', '+690650-1050310', 'America/Cambridge_Bay', 'Mountain Time - west Nunavut', '−07:00', '−06:00', ''),
('BR', '-2027-05437', 'America/Campo_Grande', 'Mato Grosso do Sul', '−04:00', '−03:00', ''),
('MX', '+2105-08646', 'America/Cancun', 'Central Time - Quintana Roo', '−06:00', '−05:00', ''),
('VE', '+1030-06656', 'America/Caracas', '', '−04:30', '−04:30', ''),
('', '', 'America/Catamarca', '', '−03:00', '−03:00', 'Link to America/Argentina/Catamarca'),
('GF', '+0456-05220', 'America/Cayenne', '', '−03:00', '−03:00', ''),
('KY', '+1918-08123', 'America/Cayman', '', '−05:00', '−05:00', ''),
('US', '+415100-0873900', 'America/Chicago', 'Central Time', '−06:00', '−05:00', ''),
('MX', '+2838-10605', 'America/Chihuahua', 'Mexican Mountain Time - Chihuahua away from US border', '−07:00', '−06:00', ''),
('', '', 'America/Coral_Harbour', '', '−05:00', '−05:00', 'Link to America/Atikokan'),
('', '', 'America/Cordoba', '', '−03:00', '−03:00', 'Link to America/Argentina/Cordoba'),
('CR', '+0956-08405', 'America/Costa_Rica', '', '−06:00', '−06:00', ''),
('CA', '+4906-11631', 'America/Creston', 'Mountain Standard Time - Creston, British Columbia', '−07:00', '−07:00', ''),
('BR', '-1535-05605', 'America/Cuiaba', 'Mato Grosso', '−04:00', '−03:00', ''),
('CW', '+1211-06900', 'America/Curacao', '', '−04:00', '−04:00', ''),
('GL', '+7646-01840', 'America/Danmarkshavn', 'east coast, north of Scoresbysund', '+00:00', '+00:00', ''),
('CA', '+6404-13925', 'America/Dawson', 'Pacific Time - north Yukon', '−08:00', '−07:00', ''),
('CA', '+5946-12014', 'America/Dawson_Creek', 'Mountain Standard Time - Dawson Creek & Fort Saint John, British Columbia', '−07:00', '−07:00', ''),
('US', '+394421-1045903', 'America/Denver', 'Mountain Time', '−07:00', '−06:00', ''),
('US', '+421953-0830245', 'America/Detroit', 'Eastern Time - Michigan - most locations', '−05:00', '−04:00', ''),
('DM', '+1518-06124', 'America/Dominica', '', '−04:00', '−04:00', ''),
('CA', '+5333-11328', 'America/Edmonton', 'Mountain Time - Alberta, east British Columbia & west Saskatchewan', '−07:00', '−06:00', ''),
('BR', '-0640-06952', 'America/Eirunepe', 'W Amazonas', '−04:00', '−04:00', ''),
('SV', '+1342-08912', 'America/El_Salvador', '', '−06:00', '−06:00', ''),
('', '', 'America/Ensenada', '', '−08:00', '−07:00', 'Link to America/Tijuana'),
('BR', '-0343-03830', 'America/Fortaleza', 'NE Brazil (MA, PI, CE, RN, PB)', '−03:00', '−03:00', ''),
('', '', 'America/Fort_Wayne', '', '−05:00', '−04:00', 'Link to America/Indiana/Indianapolis'),
('CA', '+4612-05957', 'America/Glace_Bay', 'Atlantic Time - Nova Scotia - places that did not observe DST 1966-1971', '−04:00', '−03:00', ''),
('GL', '+6411-05144', 'America/Godthab', 'most locations', '−03:00', '−02:00', ''),
('CA', '+5320-06025', 'America/Goose_Bay', 'Atlantic Time - Labrador - most locations', '−04:00', '−03:00', ''),
('TC', '+2128-07108', 'America/Grand_Turk', '', '−05:00', '−04:00', ''),
('GD', '+1203-06145', 'America/Grenada', '', '−04:00', '−04:00', ''),
('GP', '+1614-06132', 'America/Guadeloupe', '', '−04:00', '−04:00', ''),
('GT', '+1438-09031', 'America/Guatemala', '', '−06:00', '−06:00', ''),
('EC', '-0210-07950', 'America/Guayaquil', 'mainland', '−05:00', '−05:00', ''),
('GY', '+0648-05810', 'America/Guyana', '', '−04:00', '−04:00', ''),
('CA', '+4439-06336', 'America/Halifax', 'Atlantic Time - Nova Scotia (most places), PEI', '−04:00', '−03:00', ''),
('CU', '+2308-08222', 'America/Havana', '', '−05:00', '−04:00', ''),
('MX', '+2904-11058', 'America/Hermosillo', 'Mountain Standard Time - Sonora', '−07:00', '−07:00', ''),
('US', '+394606-0860929', 'America/Indiana/Indianapolis', 'Eastern Time - Indiana - most locations', '−05:00', '−04:00', ''),
('US', '+411745-0863730', 'America/Indiana/Knox', 'Central Time - Indiana - Starke County', '−06:00', '−05:00', ''),
('US', '+382232-0862041', 'America/Indiana/Marengo', 'Eastern Time - Indiana - Crawford County', '−05:00', '−04:00', ''),
('US', '+382931-0871643', 'America/Indiana/Petersburg', 'Eastern Time - Indiana - Pike County', '−05:00', '−04:00', ''),
('US', '+375711-0864541', 'America/Indiana/Tell_City', 'Central Time - Indiana - Perry County', '−06:00', '−05:00', ''),
('US', '+384452-0850402', 'America/Indiana/Vevay', 'Eastern Time - Indiana - Switzerland County', '−05:00', '−04:00', ''),
('US', '+384038-0873143', 'America/Indiana/Vincennes', 'Eastern Time - Indiana - Daviess, Dubois, Knox & Martin Counties', '−05:00', '−04:00', ''),
('US', '+410305-0863611', 'America/Indiana/Winamac', 'Eastern Time - Indiana - Pulaski County', '−05:00', '−04:00', ''),
('', '', 'America/Indianapolis', '', '−05:00', '−04:00', 'Link to America/Indiana/Indianapolis'),
('CA', '+682059-1334300', 'America/Inuvik', 'Mountain Time - west Northwest Territories', '−07:00', '−06:00', ''),
('CA', '+6344-06828', 'America/Iqaluit', 'Eastern Time - east Nunavut - most locations', '−05:00', '−04:00', ''),
('JM', '+1800-07648', 'America/Jamaica', '', '−05:00', '−05:00', ''),
('', '', 'America/Jujuy', '', '−03:00', '−03:00', 'Link to America/Argentina/Jujuy'),
('US', '+581807-1342511', 'America/Juneau', 'Alaska Time - Alaska panhandle', '−09:00', '−08:00', ''),
('US', '+381515-0854534', 'America/Kentucky/Louisville', 'Eastern Time - Kentucky - Louisville area', '−05:00', '−04:00', ''),
('US', '+364947-0845057', 'America/Kentucky/Monticello', 'Eastern Time - Kentucky - Wayne County', '−05:00', '−04:00', ''),
('', '', 'America/Knox_IN', '', '−06:00', '−05:00', 'Link to America/Indiana/Knox'),
('BQ', '+120903-0681636', 'America/Kralendijk', '', '−04:00', '−04:00', 'Link to America/Curacao'),
('BO', '-1630-06809', 'America/La_Paz', '', '−04:00', '−04:00', ''),
('PE', '-1203-07703', 'America/Lima', '', '−05:00', '−05:00', ''),
('US', '+340308-1181434', 'America/Los_Angeles', 'Pacific Time', '−08:00', '−07:00', ''),
('', '', 'America/Louisville', '', '−05:00', '−04:00', 'Link to America/Kentucky/Louisville'),
('SX', '+180305-0630250', 'America/Lower_Princes', '', '−04:00', '−04:00', 'Link to America/Curacao'),
('BR', '-0940-03543', 'America/Maceio', 'Alagoas, Sergipe', '−03:00', '−03:00', ''),
('NI', '+1209-08617', 'America/Managua', '', '−06:00', '−06:00', ''),
('BR', '-0308-06001', 'America/Manaus', 'E Amazonas', '−04:00', '−04:00', ''),
('MF', '+1804-06305', 'America/Marigot', '', '−04:00', '−04:00', 'Link to America/Guadeloupe'),
('MQ', '+1436-06105', 'America/Martinique', '', '−04:00', '−04:00', ''),
('MX', '+2550-09730', 'America/Matamoros', 'US Central Time - Coahuila, Durango, Nuevo León, Tamaulipas near US border', '−06:00', '−05:00', ''),
('MX', '+2313-10625', 'America/Mazatlan', 'Mountain Time - S Baja, Nayarit, Sinaloa', '−07:00', '−06:00', ''),
('', '', 'America/Mendoza', '', '−03:00', '−03:00', 'Link to America/Argentina/Mendoza'),
('US', '+450628-0873651', 'America/Menominee', 'Central Time - Michigan - Dickinson, Gogebic, Iron & Menominee Counties', '−06:00', '−05:00', ''),
('MX', '+2058-08937', 'America/Merida', 'Central Time - Campeche, Yucatán', '−06:00', '−05:00', ''),
('US', '+550737-1313435', 'America/Metlakatla', 'Metlakatla Time - Annette Island', '−08:00', '−08:00', ''),
('MX', '+1924-09909', 'America/Mexico_City', 'Central Time - most locations', '−06:00', '−05:00', ''),
('PM', '+4703-05620', 'America/Miquelon', '', '−03:00', '−02:00', ''),
('CA', '+4606-06447', 'America/Moncton', 'Atlantic Time - New Brunswick', '−04:00', '−03:00', ''),
('MX', '+2540-10019', 'America/Monterrey', 'Mexican Central Time - Coahuila, Durango, Nuevo León, Tamaulipas away from US border', '−06:00', '−05:00', ''),
('UY', '-3453-05611', 'America/Montevideo', '', '−03:00', '−02:00', ''),
('CA', '+4531-07334', 'America/Montreal', 'Eastern Time - Quebec - most locations', '−05:00', '−04:00', ''),
('MS', '+1643-06213', 'America/Montserrat', '', '−04:00', '−04:00', ''),
('BS', '+2505-07721', 'America/Nassau', '', '−05:00', '−04:00', ''),
('US', '+404251-0740023', 'America/New_York', 'Eastern Time', '−05:00', '−04:00', ''),
('CA', '+4901-08816', 'America/Nipigon', 'Eastern Time - Ontario & Quebec - places that did not observe DST 1967-1973', '−05:00', '−04:00', ''),
('US', '+643004-1652423', 'America/Nome', 'Alaska Time - west Alaska', '−09:00', '−08:00', ''),
('BR', '-0351-03225', 'America/Noronha', 'Atlantic islands', '−02:00', '−02:00', ''),
('US', '+471551-1014640', 'America/North_Dakota/Beulah', 'Central Time - North Dakota - Mercer County', '−06:00', '−05:00', ''),
('US', '+470659-1011757', 'America/North_Dakota/Center', 'Central Time - North Dakota - Oliver County', '−06:00', '−05:00', ''),
('US', '+465042-1012439', 'America/North_Dakota/New_Salem', 'Central Time - North Dakota - Morton County (except Mandan area)', '−06:00', '−05:00', ''),
('MX', '+2934-10425', 'America/Ojinaga', 'US Mountain Time - Chihuahua near US border', '−07:00', '−06:00', ''),
('PA', '+0858-07932', 'America/Panama', '', '−05:00', '−05:00', ''),
('CA', '+6608-06544', 'America/Pangnirtung', 'Eastern Time - Pangnirtung, Nunavut', '−05:00', '−04:00', ''),
('SR', '+0550-05510', 'America/Paramaribo', '', '−03:00', '−03:00', ''),
('US', '+332654-1120424', 'America/Phoenix', 'Mountain Standard Time - Arizona', '−07:00', '−07:00', ''),
('HT', '+1832-07220', 'America/Port-au-Prince', '', '−05:00', '−04:00', ''),
('', '', 'America/Porto_Acre', '', '−04:00', '−04:00', 'Link to America/Rio_Branco'),
('BR', '-0846-06354', 'America/Porto_Velho', 'Rondonia', '−04:00', '−04:00', ''),
('TT', '+1039-06131', 'America/Port_of_Spain', '', '−04:00', '−04:00', ''),
('PR', '+182806-0660622', 'America/Puerto_Rico', '', '−04:00', '−04:00', ''),
('CA', '+4843-09434', 'America/Rainy_River', 'Central Time - Rainy River & Fort Frances, Ontario', '−06:00', '−05:00', ''),
('CA', '+624900-0920459', 'America/Rankin_Inlet', 'Central Time - central Nunavut', '−06:00', '−05:00', ''),
('BR', '-0803-03454', 'America/Recife', 'Pernambuco', '−03:00', '−03:00', ''),
('CA', '+5024-10439', 'America/Regina', 'Central Standard Time - Saskatchewan - most locations', '−06:00', '−06:00', ''),
('CA', '+744144-0944945', 'America/Resolute', 'Central Standard Time - Resolute, Nunavut', '−06:00', '−05:00', ''),
('BR', '-0958-06748', 'America/Rio_Branco', 'Acre', '−04:00', '−04:00', ''),
('', '', 'America/Rosario', '', '−03:00', '−03:00', 'Link to America/Argentina/Cordoba'),
('BR', '-0226-05452', 'America/Santarem', 'W Para', '−03:00', '−03:00', ''),
('MX', '+3018-11452', 'America/Santa_Isabel', 'Mexican Pacific Time - Baja California away from US border', '−08:00', '−07:00', ''),
('CL', '-3327-07040', 'America/Santiago', 'most locations', '−04:00', '−03:00', ''),
('DO', '+1828-06954', 'America/Santo_Domingo', '', '−04:00', '−04:00', ''),
('BR', '-2332-04637', 'America/Sao_Paulo', 'S & SE Brazil (GO, DF, MG, ES, RJ, SP, PR, SC, RS)', '−03:00', '−02:00', ''),
('GL', '+7029-02158', 'America/Scoresbysund', 'Scoresbysund / Ittoqqortoormiit', '−01:00', '+00:00', ''),
('US', '+364708-1084111', 'America/Shiprock', 'Mountain Time - Navajo', '−07:00', '−06:00', 'Link to America/Denver'),
('US', '+571035-1351807', 'America/Sitka', 'Alaska Time - southeast Alaska panhandle', '−09:00', '−08:00', ''),
('BL', '+1753-06251', 'America/St_Barthelemy', '', '−04:00', '−04:00', 'Link to America/Guadeloupe'),
('CA', '+4734-05243', 'America/St_Johns', 'Newfoundland Time, including SE Labrador', '−03:30', '−02:30', ''),
('KN', '+1718-06243', 'America/St_Kitts', '', '−04:00', '−04:00', ''),
('LC', '+1401-06100', 'America/St_Lucia', '', '−04:00', '−04:00', ''),
('VI', '+1821-06456', 'America/St_Thomas', '', '−04:00', '−04:00', ''),
('VC', '+1309-06114', 'America/St_Vincent', '', '−04:00', '−04:00', ''),
('CA', '+5017-10750', 'America/Swift_Current', 'Central Standard Time - Saskatchewan - midwest', '−06:00', '−06:00', ''),
('HN', '+1406-08713', 'America/Tegucigalpa', '', '−06:00', '−06:00', ''),
('GL', '+7634-06847', 'America/Thule', 'Thule / Pituffik', '−04:00', '−03:00', ''),
('CA', '+4823-08915', 'America/Thunder_Bay', 'Eastern Time - Thunder Bay, Ontario', '−05:00', '−04:00', ''),
('MX', '+3232-11701', 'America/Tijuana', 'US Pacific Time - Baja California near US border', '−08:00', '−07:00', ''),
('CA', '+4339-07923', 'America/Toronto', 'Eastern Time - Ontario - most locations', '−05:00', '−04:00', ''),
('VG', '+1827-06437', 'America/Tortola', '', '−04:00', '−04:00', ''),
('CA', '+4916-12307', 'America/Vancouver', 'Pacific Time - west British Columbia', '−08:00', '−07:00', ''),
('', '', 'America/Virgin', '', '−04:00', '−04:00', 'Link to America/St_Thomas'),
('CA', '+6043-13503', 'America/Whitehorse', 'Pacific Time - south Yukon', '−08:00', '−07:00', ''),
('CA', '+4953-09709', 'America/Winnipeg', 'Central Time - Manitoba & west Ontario', '−06:00', '−05:00', ''),
('US', '+593249-1394338', 'America/Yakutat', 'Alaska Time - Alaska panhandle neck', '−09:00', '−08:00', ''),
('CA', '+6227-11421', 'America/Yellowknife', 'Mountain Time - central Northwest Territories', '−07:00', '−06:00', ''),
('AQ', '-6617+11031', 'Antarctica/Casey', 'Casey Station, Bailey Peninsula', '+11:00', '+08:00', ''),
('AQ', '-6835+07758', 'Antarctica/Davis', 'Davis Station, Vestfold Hills', '+05:00', '+07:00', ''),
('AQ', '-6640+14001', 'Antarctica/DumontDUrville', 'Dumont-d\'Urville Station, Terre Adelie', '+10:00', '+10:00', ''),
('AQ', '-5430+15857', 'Antarctica/Macquarie', 'Macquarie Island Station, Macquarie Island', '+11:00', '+11:00', ''),
('AQ', '-6736+06253', 'Antarctica/Mawson', 'Mawson Station, Holme Bay', '+05:00', '+05:00', ''),
('AQ', '-7750+16636', 'Antarctica/McMurdo', 'McMurdo Station, Ross Island', '+12:00', '+13:00', ''),
('AQ', '-6448-06406', 'Antarctica/Palmer', 'Palmer Station, Anvers Island', '−04:00', '−03:00', ''),
('AQ', '-6734-06808', 'Antarctica/Rothera', 'Rothera Station, Adelaide Island', '−03:00', '−03:00', ''),
('AQ', '-9000+00000', 'Antarctica/South_Pole', 'Amundsen-Scott Station, South Pole', '+12:00', '+13:00', 'Link to Antarctica/McMurdo'),
('AQ', '-690022+0393524', 'Antarctica/Syowa', 'Syowa Station, E Ongul I', '+03:00', '+03:00', ''),
('AQ', '-7824+10654', 'Antarctica/Vostok', 'Vostok Station, Lake Vostok', '+06:00', '+06:00', ''),
('SJ', '+7800+01600', 'Arctic/Longyearbyen', '', '+01:00', '+02:00', 'Link to Europe/Oslo'),
('YE', '+1245+04512', 'Asia/Aden', '', '+03:00', '+03:00', ''),
('KZ', '+4315+07657', 'Asia/Almaty', 'most locations', '+06:00', '+06:00', ''),
('JO', '+3157+03556', 'Asia/Amman', '', '+03:00', '+03:00', ''),
('RU', '+6445+17729', 'Asia/Anadyr', 'Moscow+08 - Bering Sea', '+12:00', '+12:00', ''),
('KZ', '+4431+05016', 'Asia/Aqtau', 'Atyrau (Atirau, Gur\'yev), Mangghystau (Mankistau)', '+05:00', '+05:00', ''),
('KZ', '+5017+05710', 'Asia/Aqtobe', 'Aqtobe (Aktobe)', '+05:00', '+05:00', ''),
('TM', '+3757+05823', 'Asia/Ashgabat', '', '+05:00', '+05:00', ''),
('', '', 'Asia/Ashkhabad', '', '+05:00', '+05:00', 'Link to Asia/Ashgabat'),
('IQ', '+3321+04425', 'Asia/Baghdad', '', '+03:00', '+03:00', ''),
('BH', '+2623+05035', 'Asia/Bahrain', '', '+03:00', '+03:00', ''),
('AZ', '+4023+04951', 'Asia/Baku', '', '+04:00', '+05:00', ''),
('TH', '+1345+10031', 'Asia/Bangkok', '', '+07:00', '+07:00', ''),
('LB', '+3353+03530', 'Asia/Beirut', '', '+02:00', '+03:00', ''),
('KG', '+4254+07436', 'Asia/Bishkek', '', '+06:00', '+06:00', ''),
('BN', '+0456+11455', 'Asia/Brunei', '', '+08:00', '+08:00', ''),
('', '', 'Asia/Calcutta', '', '+05:30', '+05:30', 'Link to Asia/Kolkata'),
('MN', '+4804+11430', 'Asia/Choibalsan', 'Dornod, Sukhbaatar', '+08:00', '+08:00', ''),
('CN', '+2934+10635', 'Asia/Chongqing', 'central China - Sichuan, Yunnan, Guangxi, Shaanxi, Guizhou, etc.', '+08:00', '+08:00', 'Covering historic Kansu-Szechuan time zone.'),
('', '', 'Asia/Chungking', '', '+08:00', '+08:00', 'Link to Asia/Chongqing'),
('LK', '+0656+07951', 'Asia/Colombo', '', '+05:30', '+05:30', ''),
('', '', 'Asia/Dacca', '', '+06:00', '+06:00', 'Link to Asia/Dhaka'),
('SY', '+3330+03618', 'Asia/Damascus', '', '+02:00', '+03:00', ''),
('BD', '+2343+09025', 'Asia/Dhaka', '', '+06:00', '+06:00', ''),
('TL', '-0833+12535', 'Asia/Dili', '', '+09:00', '+09:00', ''),
('AE', '+2518+05518', 'Asia/Dubai', '', '+04:00', '+04:00', ''),
('TJ', '+3835+06848', 'Asia/Dushanbe', '', '+05:00', '+05:00', ''),
('PS', '+3130+03428', 'Asia/Gaza', 'Gaza Strip', '+02:00', '+03:00', ''),
('CN', '+4545+12641', 'Asia/Harbin', 'Heilongjiang (except Mohe), Jilin', '+08:00', '+08:00', 'Covering historic Changpai time zone.'),
('PS', '+313200+0350542', 'Asia/Hebron', 'West Bank', '+02:00', '+03:00', ''),
('HK', '+2217+11409', 'Asia/Hong_Kong', '', '+08:00', '+08:00', ''),
('MN', '+4801+09139', 'Asia/Hovd', 'Bayan-Olgiy, Govi-Altai, Hovd, Uvs, Zavkhan', '+07:00', '+07:00', ''),
('VN', '+1045+10640', 'Asia/Ho_Chi_Minh', '', '+07:00', '+07:00', ''),
('RU', '+5216+10420', 'Asia/Irkutsk', 'Moscow+05 - Lake Baikal', '+09:00', '+09:00', ''),
('', '', 'Asia/Istanbul', '', '+02:00', '+03:00', 'Link to Europe/Istanbul'),
('ID', '-0610+10648', 'Asia/Jakarta', 'Java & Sumatra', '+07:00', '+07:00', ''),
('ID', '-0232+14042', 'Asia/Jayapura', 'west New Guinea (Irian Jaya) & Malukus (Moluccas)', '+09:00', '+09:00', ''),
('IL', '+3146+03514', 'Asia/Jerusalem', '', '+02:00', '+03:00', ''),
('AF', '+3431+06912', 'Asia/Kabul', '', '+04:30', '+04:30', ''),
('RU', '+5301+15839', 'Asia/Kamchatka', 'Moscow+08 - Kamchatka', '+12:00', '+12:00', ''),
('PK', '+2452+06703', 'Asia/Karachi', '', '+05:00', '+05:00', ''),
('CN', '+3929+07559', 'Asia/Kashgar', 'west Tibet & Xinjiang', '+08:00', '+08:00', 'Covering historic Kunlun time zone.'),
('NP', '+2743+08519', 'Asia/Kathmandu', '', '+05:45', '+05:45', ''),
('', '', 'Asia/Katmandu', '', '+05:45', '+05:45', 'Link to Asia/Kathmandu'),
('IN', '+2232+08822', 'Asia/Kolkata', '', '+05:30', '+05:30', 'Note: Different zones in history, see Time in India.'),
('RU', '+5601+09250', 'Asia/Krasnoyarsk', 'Moscow+04 - Yenisei River', '+08:00', '+08:00', ''),
('MY', '+0310+10142', 'Asia/Kuala_Lumpur', 'peninsular Malaysia', '+08:00', '+08:00', ''),
('MY', '+0133+11020', 'Asia/Kuching', 'Sabah & Sarawak', '+08:00', '+08:00', ''),
('KW', '+2920+04759', 'Asia/Kuwait', '', '+03:00', '+03:00', ''),
('', '', 'Asia/Macao', '', '+08:00', '+08:00', 'Link to Asia/Macau'),
('MO', '+2214+11335', 'Asia/Macau', '', '+08:00', '+08:00', ''),
('RU', '+5934+15048', 'Asia/Magadan', 'Moscow+08 - Magadan', '+12:00', '+12:00', ''),
('ID', '-0507+11924', 'Asia/Makassar', 'east & south Borneo, Sulawesi (Celebes), Bali, Nusa Tenggara, west Timor', '+08:00', '+08:00', ''),
('PH', '+1435+12100', 'Asia/Manila', '', '+08:00', '+08:00', ''),
('OM', '+2336+05835', 'Asia/Muscat', '', '+04:00', '+04:00', ''),
('CY', '+3510+03322', 'Asia/Nicosia', '', '+02:00', '+03:00', ''),
('RU', '+5345+08707', 'Asia/Novokuznetsk', 'Moscow+03 - Novokuznetsk', '+07:00', '+07:00', ''),
('RU', '+5502+08255', 'Asia/Novosibirsk', 'Moscow+03 - Novosibirsk', '+07:00', '+07:00', ''),
('RU', '+5500+07324', 'Asia/Omsk', 'Moscow+03 - west Siberia', '+07:00', '+07:00', ''),
('KZ', '+5113+05121', 'Asia/Oral', 'West Kazakhstan', '+05:00', '+05:00', ''),
('KH', '+1133+10455', 'Asia/Phnom_Penh', '', '+07:00', '+07:00', ''),
('ID', '-0002+10920', 'Asia/Pontianak', 'west & central Borneo', '+07:00', '+07:00', ''),
('KP', '+3901+12545', 'Asia/Pyongyang', '', '+09:00', '+09:00', ''),
('QA', '+2517+05132', 'Asia/Qatar', '', '+03:00', '+03:00', ''),
('KZ', '+4448+06528', 'Asia/Qyzylorda', 'Qyzylorda (Kyzylorda, Kzyl-Orda)', '+06:00', '+06:00', ''),
('MM', '+1647+09610', 'Asia/Rangoon', '', '+06:30', '+06:30', ''),
('SA', '+2438+04643', 'Asia/Riyadh', '', '+03:00', '+03:00', ''),
('', '', 'Asia/Saigon', '', '+07:00', '+07:00', 'Link to Asia/Ho_Chi_Minh'),
('RU', '+4658+14242', 'Asia/Sakhalin', 'Moscow+07 - Sakhalin Island', '+11:00', '+11:00', ''),
('UZ', '+3940+06648', 'Asia/Samarkand', 'west Uzbekistan', '+05:00', '+05:00', ''),
('KR', '+3733+12658', 'Asia/Seoul', '', '+09:00', '+09:00', ''),
('CN', '+3114+12128', 'Asia/Shanghai', 'east China - Beijing, Guangdong, Shanghai, etc.', '+08:00', '+08:00', 'Covering historic Chungyuan time zone.'),
('SG', '+0117+10351', 'Asia/Singapore', '', '+08:00', '+08:00', ''),
('TW', '+2503+12130', 'Asia/Taipei', '', '+08:00', '+08:00', ''),
('UZ', '+4120+06918', 'Asia/Tashkent', 'east Uzbekistan', '+05:00', '+05:00', ''),
('GE', '+4143+04449', 'Asia/Tbilisi', '', '+04:00', '+04:00', ''),
('IR', '+3540+05126', 'Asia/Tehran', '', '+03:30', '+04:30', ''),
('', '', 'Asia/Tel_Aviv', '', '+02:00', '+03:00', 'Link to Asia/Jerusalem'),
('', '', 'Asia/Thimbu', '', '+06:00', '+06:00', 'Link to Asia/Thimphu'),
('BT', '+2728+08939', 'Asia/Thimphu', '', '+06:00', '+06:00', ''),
('JP', '+353916+1394441', 'Asia/Tokyo', '', '+09:00', '+09:00', ''),
('', '', 'Asia/Ujung_Pandang', '', '+08:00', '+08:00', 'Link to Asia/Makassar'),
('MN', '+4755+10653', 'Asia/Ulaanbaatar', 'most locations', '+08:00', '+08:00', ''),
('', '', 'Asia/Ulan_Bator', '', '+08:00', '+08:00', 'Link to Asia/Ulaanbaatar'),
('CN', '+4348+08735', 'Asia/Urumqi', 'most of Tibet & Xinjiang', '+08:00', '+08:00', 'Covering historic Sinkiang-Tibet time zone.'),
('LA', '+1758+10236', 'Asia/Vientiane', '', '+07:00', '+07:00', ''),
('RU', '+4310+13156', 'Asia/Vladivostok', 'Moscow+07 - Amur River', '+11:00', '+11:00', ''),
('RU', '+6200+12940', 'Asia/Yakutsk', 'Moscow+06 - Lena River', '+10:00', '+10:00', ''),
('RU', '+5651+06036', 'Asia/Yekaterinburg', 'Moscow+02 - Urals', '+06:00', '+06:00', ''),
('AM', '+4011+04430', 'Asia/Yerevan', '', '+04:00', '+04:00', ''),
('PT', '+3744-02540', 'Atlantic/Azores', 'Azores', '−01:00', '+00:00', ''),
('BM', '+3217-06446', 'Atlantic/Bermuda', '', '−04:00', '−03:00', ''),
('ES', '+2806-01524', 'Atlantic/Canary', 'Canary Islands', '+00:00', '+01:00', ''),
('CV', '+1455-02331', 'Atlantic/Cape_Verde', '', '−01:00', '−01:00', ''),
('', '', 'Atlantic/Faeroe', '', '+00:00', '+01:00', 'Link to Atlantic/Faroe'),
('FO', '+6201-00646', 'Atlantic/Faroe', '', '+00:00', '+01:00', ''),
('', '', 'Atlantic/Jan_Mayen', '', '+01:00', '+02:00', 'Link to Europe/Oslo'),
('PT', '+3238-01654', 'Atlantic/Madeira', 'Madeira Islands', '+00:00', '+01:00', ''),
('IS', '+6409-02151', 'Atlantic/Reykjavik', '', '+00:00', '+00:00', ''),
('GS', '-5416-03632', 'Atlantic/South_Georgia', '', '−02:00', '−02:00', ''),
('FK', '-5142-05751', 'Atlantic/Stanley', '', '−03:00', '−03:00', ''),
('SH', '-1555-00542', 'Atlantic/St_Helena', '', '+00:00', '+00:00', ''),
('', '', 'Australia/ACT', '', '+10:00', '+11:00', 'Link to Australia/Sydney'),
('AU', '-3455+13835', 'Australia/Adelaide', 'South Australia', '+09:30', '+10:30', ''),
('AU', '-2728+15302', 'Australia/Brisbane', 'Queensland - most locations', '+10:00', '+10:00', ''),
('AU', '-3157+14127', 'Australia/Broken_Hill', 'New South Wales - Yancowinna', '+09:30', '+10:30', ''),
('', '', 'Australia/Canberra', '', '+10:00', '+11:00', 'Link to Australia/Sydney'),
('AU', '-3956+14352', 'Australia/Currie', 'Tasmania - King Island', '+10:00', '+11:00', ''),
('AU', '-1228+13050', 'Australia/Darwin', 'Northern Territory', '+09:30', '+09:30', ''),
('AU', '-3143+12852', 'Australia/Eucla', 'Western Australia - Eucla area', '+08:45', '+08:45', ''),
('AU', '-4253+14719', 'Australia/Hobart', 'Tasmania - most locations', '+10:00', '+11:00', ''),
('', '', 'Australia/LHI', '', '+10:30', '+11:00', 'Link to Australia/Lord_Howe'),
('AU', '-2016+14900', 'Australia/Lindeman', 'Queensland - Holiday Islands', '+10:00', '+10:00', ''),
('AU', '-3133+15905', 'Australia/Lord_Howe', 'Lord Howe Island', '+10:30', '+11:00', ''),
('AU', '-3749+14458', 'Australia/Melbourne', 'Victoria', '+10:00', '+11:00', ''),
('', '', 'Australia/North', '', '+09:30', '+09:30', 'Link to Australia/Darwin'),
('', '', 'Australia/NSW', '', '+10:00', '+11:00', 'Link to Australia/Sydney'),
('AU', '-3157+11551', 'Australia/Perth', 'Western Australia - most locations', '+08:00', '+08:00', ''),
('', '', 'Australia/Queensland', '', '+10:00', '+10:00', 'Link to Australia/Brisbane'),
('', '', 'Australia/South', '', '+09:30', '+10:30', 'Link to Australia/Adelaide'),
('AU', '-3352+15113', 'Australia/Sydney', 'New South Wales - most locations', '+10:00', '+11:00', ''),
('', '', 'Australia/Tasmania', '', '+10:00', '+11:00', 'Link to Australia/Hobart'),
('', '', 'Australia/Victoria', '', '+10:00', '+11:00', 'Link to Australia/Melbourne'),
('', '', 'Australia/West', '', '+08:00', '+08:00', 'Link to Australia/Perth'),
('', '', 'Australia/Yancowinna', '', '+09:30', '+10:30', 'Link to Australia/Broken_Hill'),
('', '', 'Brazil/Acre', '', '−04:00', '−04:00', 'Link to America/Rio_Branco'),
('', '', 'Brazil/DeNoronha', '', '−02:00', '−02:00', 'Link to America/Noronha'),
('', '', 'Brazil/East', '', '−03:00', '−02:00', 'Link to America/Sao_Paulo'),
('', '', 'Brazil/West', '', '−04:00', '−04:00', 'Link to America/Manaus'),
('', '', 'Canada/Atlantic', '', '−04:00', '−03:00', 'Link to America/Halifax'),
('', '', 'Canada/Central', '', '−06:00', '−05:00', 'Link to America/Winnipeg'),
('', '', 'Canada/East-Saskatchewan', '', '−06:00', '−06:00', 'Link to America/Regina'),
('', '', 'Canada/Eastern', '', '−05:00', '−04:00', 'Link to America/Toronto'),
('', '', 'Canada/Mountain', '', '−07:00', '−06:00', 'Link to America/Edmonton'),
('', '', 'Canada/Newfoundland', '', '−03:30', '−02:30', 'Link to America/St_Johns'),
('', '', 'Canada/Pacific', '', '−08:00', '−07:00', 'Link to America/Vancouver'),
('', '', 'Canada/Saskatchewan', '', '−06:00', '−06:00', 'Link to America/Regina'),
('', '', 'Canada/Yukon', '', '−08:00', '−07:00', 'Link to America/Whitehorse'),
('', '', 'CET', '', '+01:00', '+02:00', ''),
('', '', 'Chile/Continental', '', '−04:00', '−03:00', 'Link to America/Santiago'),
('', '', 'Chile/EasterIsland', '', '−06:00', '−05:00', 'Link to Pacific/Easter'),
('', '', 'CST6CDT', '', '−06:00', '−05:00', ''),
('', '', 'Cuba', '', '−05:00', '−04:00', 'Link to America/Havana'),
('', '', 'EET', '', '+02:00', '+03:00', ''),
('', '', 'Egypt', '', '+02:00', '+02:00', 'Link to Africa/Cairo'),
('', '', 'Eire', '', '+00:00', '+01:00', 'Link to Europe/Dublin'),
('', '', 'EST', '', '−05:00', '−05:00', ''),
('', '', 'EST5EDT', '', '−05:00', '−04:00', ''),
('', '', 'Etc./GMT', '', '+00:00', '+00:00', 'Link to UTC'),
('', '', 'Etc./GMT+0', '', '+00:00', '+00:00', 'Link to UTC'),
('', '', 'Etc./UCT', '', '+00:00', '+00:00', 'Link to UTC'),
('', '', 'Etc./Universal', '', '+00:00', '+00:00', 'Link to UTC'),
('', '', 'Etc./UTC', '', '+00:00', '+00:00', 'Link to UTC'),
('', '', 'Etc./Zulu', '', '+00:00', '+00:00', 'Link to UTC'),
('NL', '+5222+00454', 'Europe/Amsterdam', '', '+01:00', '+02:00', ''),
('AD', '+4230+00131', 'Europe/Andorra', '', '+01:00', '+02:00', ''),
('GR', '+3758+02343', 'Europe/Athens', '', '+02:00', '+03:00', ''),
('', '', 'Europe/Belfast', '', '+00:00', '+01:00', 'Link to Europe/London'),
('RS', '+4450+02030', 'Europe/Belgrade', '', '+01:00', '+02:00', ''),
('DE', '+5230+01322', 'Europe/Berlin', '', '+01:00', '+02:00', 'In 1945, the Trizone did not follow Berlin\'s switch to DST, see Time in Germany'),
('SK', '+4809+01707', 'Europe/Bratislava', '', '+01:00', '+02:00', 'Link to Europe/Prague'),
('BE', '+5050+00420', 'Europe/Brussels', '', '+01:00', '+02:00', ''),
('RO', '+4426+02606', 'Europe/Bucharest', '', '+02:00', '+03:00', ''),
('HU', '+4730+01905', 'Europe/Budapest', '', '+01:00', '+02:00', ''),
('MD', '+4700+02850', 'Europe/Chisinau', '', '+02:00', '+03:00', ''),
('DK', '+5540+01235', 'Europe/Copenhagen', '', '+01:00', '+02:00', ''),
('IE', '+5320-00615', 'Europe/Dublin', '', '+00:00', '+01:00', ''),
('GI', '+3608-00521', 'Europe/Gibraltar', '', '+01:00', '+02:00', ''),
('GG', '+4927-00232', 'Europe/Guernsey', '', '+00:00', '+01:00', 'Link to Europe/London'),
('FI', '+6010+02458', 'Europe/Helsinki', '', '+02:00', '+03:00', ''),
('IM', '+5409-00428', 'Europe/Isle_of_Man', '', '+00:00', '+01:00', 'Link to Europe/London'),
('TR', '+4101+02858', 'Europe/Istanbul', '', '+02:00', '+03:00', ''),
('JE', '+4912-00207', 'Europe/Jersey', '', '+00:00', '+01:00', 'Link to Europe/London'),
('RU', '+5443+02030', 'Europe/Kaliningrad', 'Moscow-01 - Kaliningrad', '+03:00', '+03:00', ''),
('UA', '+5026+03031', 'Europe/Kiev', 'most locations', '+02:00', '+03:00', ''),
('PT', '+3843-00908', 'Europe/Lisbon', 'mainland', '+00:00', '+01:00', ''),
('SI', '+4603+01431', 'Europe/Ljubljana', '', '+01:00', '+02:00', 'Link to Europe/Belgrade'),
('GB', '+513030-0000731', 'Europe/London', '', '+00:00', '+01:00', ''),
('LU', '+4936+00609', 'Europe/Luxembourg', '', '+01:00', '+02:00', ''),
('ES', '+4024-00341', 'Europe/Madrid', 'mainland', '+01:00', '+02:00', ''),
('MT', '+3554+01431', 'Europe/Malta', '', '+01:00', '+02:00', ''),
('AX', '+6006+01957', 'Europe/Mariehamn', '', '+02:00', '+03:00', 'Link to Europe/Helsinki'),
('BY', '+5354+02734', 'Europe/Minsk', '', '+03:00', '+03:00', ''),
('MC', '+4342+00723', 'Europe/Monaco', '', '+01:00', '+02:00', ''),
('RU', '+5545+03735', 'Europe/Moscow', 'Moscow+00 - west Russia', '+04:00', '+04:00', ''),
('', '', 'Europe/Nicosia', '', '+02:00', '+03:00', 'Link to Asia/Nicosia'),
('NO', '+5955+01045', 'Europe/Oslo', '', '+01:00', '+02:00', ''),
('FR', '+4852+00220', 'Europe/Paris', '', '+01:00', '+02:00', ''),
('ME', '+4226+01916', 'Europe/Podgorica', '', '+01:00', '+02:00', 'Link to Europe/Belgrade'),
('CZ', '+5005+01426', 'Europe/Prague', '', '+01:00', '+02:00', ''),
('LV', '+5657+02406', 'Europe/Riga', '', '+02:00', '+03:00', ''),
('IT', '+4154+01229', 'Europe/Rome', '', '+01:00', '+02:00', ''),
('RU', '+5312+05009', 'Europe/Samara', 'Moscow+00 - Samara, Udmurtia', '+04:00', '+04:00', ''),
('SM', '+4355+01228', 'Europe/San_Marino', '', '+01:00', '+02:00', 'Link to Europe/Rome'),
('BA', '+4352+01825', 'Europe/Sarajevo', '', '+01:00', '+02:00', 'Link to Europe/Belgrade'),
('UA', '+4457+03406', 'Europe/Simferopol', 'central Crimea', '+02:00', '+03:00', ''),
('MK', '+4159+02126', 'Europe/Skopje', '', '+01:00', '+02:00', 'Link to Europe/Belgrade'),
('BG', '+4241+02319', 'Europe/Sofia', '', '+02:00', '+03:00', ''),
('SE', '+5920+01803', 'Europe/Stockholm', '', '+01:00', '+02:00', ''),
('EE', '+5925+02445', 'Europe/Tallinn', '', '+02:00', '+03:00', ''),
('AL', '+4120+01950', 'Europe/Tirane', '', '+01:00', '+02:00', ''),
('', '', 'Europe/Tiraspol', '', '+02:00', '+03:00', 'Link to Europe/Chisinau'),
('UA', '+4837+02218', 'Europe/Uzhgorod', 'Ruthenia', '+02:00', '+03:00', ''),
('LI', '+4709+00931', 'Europe/Vaduz', '', '+01:00', '+02:00', ''),
('VA', '+415408+0122711', 'Europe/Vatican', '', '+01:00', '+02:00', 'Link to Europe/Rome'),
('AT', '+4813+01620', 'Europe/Vienna', '', '+01:00', '+02:00', ''),
('LT', '+5441+02519', 'Europe/Vilnius', '', '+02:00', '+03:00', ''),
('RU', '+4844+04425', 'Europe/Volgograd', 'Moscow+00 - Caspian Sea', '+04:00', '+04:00', ''),
('PL', '+5215+02100', 'Europe/Warsaw', '', '+01:00', '+02:00', ''),
('HR', '+4548+01558', 'Europe/Zagreb', '', '+01:00', '+02:00', 'Link to Europe/Belgrade'),
('UA', '+4750+03510', 'Europe/Zaporozhye', 'Zaporozh\'ye, E Lugansk / Zaporizhia, E Luhansk', '+02:00', '+03:00', ''),
('CH', '+4723+00832', 'Europe/Zurich', '', '+01:00', '+02:00', ''),
('', '', 'GB', '', '+00:00', '+01:00', 'Link to Europe/London'),
('', '', 'GB-Eire', '', '+00:00', '+01:00', 'Link to Europe/London'),
('', '', 'GMT', '', '+00:00', '+00:00', 'Link to UTC'),
('', '', 'GMT+0', '', '+00:00', '+00:00', 'Link to UTC'),
('', '', 'GMT-0', '', '+00:00', '+00:00', 'Link to UTC'),
('', '', 'GMT0', '', '+00:00', '+00:00', 'Link to UTC'),
('', '', 'Greenwich', '', '+00:00', '+00:00', 'Link to UTC'),
('', '', 'Hong Kong', '', '+08:00', '+08:00', 'Link to Asia/Hong_Kong'),
('', '', 'HST', '', '−10:00', '−10:00', ''),
('', '', 'Iceland', '', '+00:00', '+00:00', 'Link to Atlantic/Reykjavik'),
('MG', '-1855+04731', 'Indian/Antananarivo', '', '+03:00', '+03:00', ''),
('IO', '-0720+07225', 'Indian/Chagos', '', '+06:00', '+06:00', ''),
('CX', '-1025+10543', 'Indian/Christmas', '', '+07:00', '+07:00', ''),
('CC', '-1210+09655', 'Indian/Cocos', '', '+06:30', '+06:30', ''),
('KM', '-1141+04316', 'Indian/Comoro', '', '+03:00', '+03:00', ''),
('TF', '-492110+0701303', 'Indian/Kerguelen', '', '+05:00', '+05:00', ''),
('SC', '-0440+05528', 'Indian/Mahe', '', '+04:00', '+04:00', ''),
('MV', '+0410+07330', 'Indian/Maldives', '', '+05:00', '+05:00', ''),
('MU', '-2010+05730', 'Indian/Mauritius', '', '+04:00', '+04:00', ''),
('YT', '-1247+04514', 'Indian/Mayotte', '', '+03:00', '+03:00', ''),
('RE', '-2052+05528', 'Indian/Reunion', '', '+04:00', '+04:00', ''),
('', '', 'Iran', '', '+03:30', '+04:30', 'Link to Asia/Tehran'),
('', '', 'Israel', '', '+02:00', '+03:00', 'Link to Asia/Jerusalem'),
('', '', 'Jamaica', '', '−05:00', '−05:00', 'Link to America/Jamaica'),
('', '', 'Japan', '', '+09:00', '+09:00', 'Link to Asia/Tokyo'),
('', '', 'JST-9', '', '+09:00', '+09:00', 'Link to Asia/Tokyo'),
('', '', 'Kwajalein', '', '+12:00', '+12:00', 'Link to Pacific/Kwajalein'),
('', '', 'Libya', '', '+02:00', '+02:00', 'Link to Africa/Tripoli'),
('', '', 'MET', '', '+01:00', '+02:00', ''),
('', '', 'Mexico/BajaNorte', '', '−08:00', '−07:00', 'Link to America/Tijuana'),
('', '', 'Mexico/BajaSur', '', '−07:00', '−06:00', 'Link to America/Mazatlan'),
('', '', 'Mexico/General', '', '−06:00', '−05:00', 'Link to America/Mexico_City'),
('', '', 'MST', '', '−07:00', '−07:00', ''),
('', '', 'MST7MDT', '', '−07:00', '−06:00', ''),
('', '', 'Navajo', '', '−07:00', '−06:00', 'Link to America/Denver'),
('', '', 'NZ', '', '+12:00', '+13:00', 'Link to Pacific/Auckland'),
('', '', 'NZ-CHAT', '', '+12:45', '+13:45', 'Link to Pacific/Chatham'),
('WS', '-1350-17144', 'Pacific/Apia', '', '+13:00', '+14:00', ''),
('NZ', '-3652+17446', 'Pacific/Auckland', 'most locations', '+12:00', '+13:00', ''),
('NZ', '-4357-17633', 'Pacific/Chatham', 'Chatham Islands', '+12:45', '+13:45', ''),
('FM', '+0725+15147', 'Pacific/Chuuk', 'Chuuk (Truk) and Yap', '+10:00', '+10:00', ''),
('CL', '-2709-10926', 'Pacific/Easter', 'Easter Island & Sala y Gomez', '−06:00', '−05:00', ''),
('VU', '-1740+16825', 'Pacific/Efate', '', '+11:00', '+11:00', ''),
('KI', '-0308-17105', 'Pacific/Enderbury', 'Phoenix Islands', '+13:00', '+13:00', ''),
('TK', '-0922-17114', 'Pacific/Fakaofo', '', '+13:00', '+13:00', ''),
('FJ', '-1808+17825', 'Pacific/Fiji', '', '+12:00', '+13:00', ''),
('TV', '-0831+17913', 'Pacific/Funafuti', '', '+12:00', '+12:00', ''),
('EC', '-0054-08936', 'Pacific/Galapagos', 'Galapagos Islands', '−06:00', '−06:00', ''),
('PF', '-2308-13457', 'Pacific/Gambier', 'Gambier Islands', '−09:00', '−09:00', ''),
('SB', '-0932+16012', 'Pacific/Guadalcanal', '', '+11:00', '+11:00', ''),
('GU', '+1328+14445', 'Pacific/Guam', '', '+10:00', '+10:00', ''),
('US', '+211825-1575130', 'Pacific/Honolulu', 'Hawaii', '−10:00', '−10:00', ''),
('UM', '+1645-16931', 'Pacific/Johnston', 'Johnston Atoll', '−10:00', '−10:00', ''),
('KI', '+0152-15720', 'Pacific/Kiritimati', 'Line Islands', '+14:00', '+14:00', ''),
('FM', '+0519+16259', 'Pacific/Kosrae', 'Kosrae', '+11:00', '+11:00', ''),
('MH', '+0905+16720', 'Pacific/Kwajalein', 'Kwajalein', '+12:00', '+12:00', ''),
('MH', '+0709+17112', 'Pacific/Majuro', 'most locations', '+12:00', '+12:00', ''),
('PF', '-0900-13930', 'Pacific/Marquesas', 'Marquesas Islands', '−09:30', '−09:30', ''),
('UM', '+2813-17722', 'Pacific/Midway', 'Midway Islands', '−11:00', '−11:00', ''),
('NR', '-0031+16655', 'Pacific/Nauru', '', '+12:00', '+12:00', ''),
('NU', '-1901-16955', 'Pacific/Niue', '', '−11:00', '−11:00', ''),
('NF', '-2903+16758', 'Pacific/Norfolk', '', '+11:30', '+11:30', ''),
('NC', '-2216+16627', 'Pacific/Noumea', '', '+11:00', '+11:00', ''),
('AS', '-1416-17042', 'Pacific/Pago_Pago', '', '−11:00', '−11:00', ''),
('PW', '+0720+13429', 'Pacific/Palau', '', '+09:00', '+09:00', ''),
('PN', '-2504-13005', 'Pacific/Pitcairn', '', '−08:00', '−08:00', ''),
('FM', '+0658+15813', 'Pacific/Pohnpei', 'Pohnpei (Ponape)', '+11:00', '+11:00', ''),
('', '', 'Pacific/Ponape', '', '+11:00', '+11:00', 'Link to Pacific/Pohnpei'),
('PG', '-0930+14710', 'Pacific/Port_Moresby', '', '+10:00', '+10:00', ''),
('CK', '-2114-15946', 'Pacific/Rarotonga', '', '−10:00', '−10:00', ''),
('MP', '+1512+14545', 'Pacific/Saipan', '', '+10:00', '+10:00', ''),
('', '', 'Pacific/Samoa', '', '−11:00', '−11:00', 'Link to Pacific/Pago_Pago'),
('PF', '-1732-14934', 'Pacific/Tahiti', 'Society Islands', '−10:00', '−10:00', ''),
('KI', '+0125+17300', 'Pacific/Tarawa', 'Gilbert Islands', '+12:00', '+12:00', ''),
('TO', '-2110-17510', 'Pacific/Tongatapu', '', '+13:00', '+13:00', ''),
('', '', 'Pacific/Truk', '', '+10:00', '+10:00', 'Link to Pacific/Chuuk'),
('UM', '+1917+16637', 'Pacific/Wake', 'Wake Island', '+12:00', '+12:00', ''),
('WF', '-1318-17610', 'Pacific/Wallis', '', '+12:00', '+12:00', ''),
('', '', 'Pacific/Yap', '', '+10:00', '+10:00', 'Link to Pacific/Chuuk'),
('', '', 'Poland', '', '+01:00', '+02:00', 'Link to Europe/Warsaw'),
('', '', 'Portugal', '', '+00:00', '+01:00', 'Link to Europe/Lisbon'),
('', '', 'PRC', '', '+08:00', '+08:00', 'Link to Asia/Shanghai'),
('', '', 'PST8PDT', '', '−08:00', '−07:00', ''),
('', '', 'ROC', '', '+08:00', '+08:00', 'Link to Asia/Taipei'),
('', '', 'ROK', '', '+09:00', '+09:00', 'Link to Asia/Seoul'),
('', '', 'Singapore', '', '+08:00', '+08:00', 'Link to Asia/Singapore'),
('', '', 'Turkey', '', '+02:00', '+03:00', 'Link to Europe/Istanbul'),
('', '', 'UCT', '', '+00:00', '+00:00', 'Link to UTC'),
('', '', 'Universal', '', '+00:00', '+00:00', 'Link to UTC'),
('', '', 'US/Alaska', '', '−09:00', '−08:00', 'Link to America/Anchorage'),
('', '', 'US/Aleutian', '', '−10:00', '−09:00', 'Link to America/Adak'),
('', '', 'US/Arizona', '', '−07:00', '−07:00', 'Link to America/Phoenix'),
('', '', 'US/Central', '', '−06:00', '−05:00', 'Link to America/Chicago'),
('', '', 'US/East-Indiana', '', '−05:00', '−04:00', 'Link to America/Indiana/Indianapolis'),
('', '', 'US/Eastern', '', '−05:00', '−04:00', 'Link to America/New_York'),
('', '', 'US/Hawaii', '', '−10:00', '−10:00', 'Link to Pacific/Honolulu'),
('', '', 'US/Indiana-Starke', '', '−06:00', '−05:00', 'Link to America/Indiana/Knox'),
('', '', 'US/Michigan', '', '−05:00', '−04:00', 'Link to America/Detroit'),
('', '', 'US/Mountain', '', '−07:00', '−06:00', 'Link to America/Denver'),
('', '', 'US/Pacific', '', '−08:00', '−07:00', 'Link to America/Los_Angeles'),
('', '', 'US/Pacific-New', '', '−08:00', '−07:00', 'Link to America/Los_Angeles'),
('', '', 'US/Samoa', '', '−11:00', '−11:00', 'Link to Pacific/Pago_Pago'),
('', '', 'UTC', '', '+00:00', '+00:00', ''),
('', '', 'W-SU', '', '+04:00', '+04:00', 'Link to Europe/Moscow'),
('', '', 'WET', '', '+00:00', '+01:00', ''),
('', '', 'Zulu', '', '+00:00', '+00:00', 'Link to UTC');

-- --------------------------------------------------------

--
-- Table structure for table `userlog`
--

CREATE TABLE `userlog` (
  `id` int(11) NOT NULL,
  `userEmail` varchar(255) DEFAULT NULL,
  `userip` binary(16) DEFAULT NULL,
  `loginTime` timestamp NULL DEFAULT current_timestamp(),
  `logout` varchar(255) DEFAULT NULL,
  `status` int(11) DEFAULT NULL
) ENGINE=InnoDB DEFAULT CHARSET=latin1;

--
-- Dumping data for table `userlog`
--

INSERT INTO `userlog` (`id`, `userEmail`, `userip`, `loginTime`, `logout`, `status`) VALUES
(1, 'ayeshandasantha@gmail.com', 0x36312e3234352e3136302e3138320000, '2020-09-08 08:54:12', NULL, 0),
(2, 'ayeshandasantha@gmail.com', 0x36312e3234352e3136302e3138320000, '2020-09-08 08:54:29', NULL, 0),
(3, 'ayeshandasantha@gmail.com', 0x36312e3234352e3136302e3138320000, '2020-09-08 08:58:47', NULL, 1),
(4, 'ayeshandasantha@gmail.com', 0x3131322e3133352e34362e3130340000, '2020-10-18 17:06:08', NULL, 1),
(5, 'ayeshandasantha@gmail.com', 0x3131322e3133352e34332e3236000000, '2020-10-19 02:10:11', NULL, 1),
(6, 'ayeshandasantha@gmail.com', 0x3131322e3133352e34352e3133320000, '2021-03-08 02:01:59', NULL, 0),
(7, 'ayeshandasantha@gmail.com', 0x3131322e3133352e34352e3133320000, '2021-03-08 02:02:08', '08-03-2021 07:32:08 AM', 1);

-- --------------------------------------------------------

--
-- Table structure for table `users`
--

CREATE TABLE `users` (
  `id` int(11) NOT NULL,
  `firstname` varchar(255) DEFAULT NULL,
  `lastname` varchar(255) DEFAULT NULL,
  `email` varchar(255) DEFAULT NULL,
  `contactno` bigint(11) DEFAULT NULL,
  `postcode` int(5) DEFAULT NULL,
  `userimage` varchar(255) DEFAULT NULL,
  `country` varchar(255) DEFAULT NULL,
  `city` varchar(255) DEFAULT NULL,
  `region` varchar(255) DEFAULT NULL,
  `company` varchar(255) DEFAULT NULL,
  `address` tinytext DEFAULT NULL,
  `password` varchar(255) DEFAULT NULL,
  `regDate` timestamp NOT NULL DEFAULT current_timestamp(),
  `status` int(1) DEFAULT 0,
  `usertype` varchar(255) DEFAULT NULL,
  `confirm_Code` int(11) DEFAULT NULL,
  `recoveryPassword` varchar(255) DEFAULT NULL,
  `updationDate` timestamp NULL DEFAULT '0000-00-00 00:00:00' ON UPDATE current_timestamp(),
  `subscribe` int(1) DEFAULT 0
) ENGINE=InnoDB DEFAULT CHARSET=latin1;

-- --------------------------------------------------------

--
-- Table structure for table `user_announcement`
--

CREATE TABLE `user_announcement` (
  `id` int(11) NOT NULL,
  `towho` varchar(255) NOT NULL,
  `discription` longtext NOT NULL,
  `status` varchar(50) NOT NULL,
  `startdate` date DEFAULT NULL,
  `nodays` varchar(10) DEFAULT NULL,
  `expire` date DEFAULT NULL
) ENGINE=InnoDB DEFAULT CHARSET=latin1;

--
-- Dumping data for table `user_announcement`
--

INSERT INTO `user_announcement` (`id`, `towho`, `discription`, `status`, `startdate`, `nodays`, `expire`) VALUES
(1, 'user', '																																																																													aa															', '', '2020-04-07', '45', '2020-05-22');

-- --------------------------------------------------------

--
-- Table structure for table `wishlist`
--

CREATE TABLE `wishlist` (
  `id` int(11) NOT NULL,
  `userId` int(11) DEFAULT NULL,
  `productId` int(11) DEFAULT NULL,
  `postingDate` timestamp NOT NULL DEFAULT current_timestamp()
) ENGINE=InnoDB DEFAULT CHARSET=latin1;

--
-- Indexes for dumped tables
--

--
-- Indexes for table `activate_advertising`
--
ALTER TABLE `activate_advertising`
  ADD PRIMARY KEY (`id`);

--
-- Indexes for table `activestatus`
--
ALTER TABLE `activestatus`
  ADD PRIMARY KEY (`id`);

--
-- Indexes for table `admin`
--
ALTER TABLE `admin`
  ADD PRIMARY KEY (`id`);

--
-- Indexes for table `advertising`
--
ALTER TABLE `advertising`
  ADD PRIMARY KEY (`id`);

--
-- Indexes for table `billaddres`
--
ALTER TABLE `billaddres`
  ADD PRIMARY KEY (`id`);

--
-- Indexes for table `brands`
--
ALTER TABLE `brands`
  ADD PRIMARY KEY (`id`);

--
-- Indexes for table `category`
--
ALTER TABLE `category`
  ADD PRIMARY KEY (`id`);

--
-- Indexes for table `compare`
--
ALTER TABLE `compare`
  ADD PRIMARY KEY (`id`);

--
-- Indexes for table `contactusinfo`
--
ALTER TABLE `contactusinfo`
  ADD PRIMARY KEY (`id`);

--
-- Indexes for table `countries`
--
ALTER TABLE `countries`
  ADD PRIMARY KEY (`id`);

--
-- Indexes for table `customcontent`
--
ALTER TABLE `customcontent`
  ADD PRIMARY KEY (`id`);

--
-- Indexes for table `emailsetting`
--
ALTER TABLE `emailsetting`
  ADD PRIMARY KEY (`id`);

--
-- Indexes for table `footer`
--
ALTER TABLE `footer`
  ADD PRIMARY KEY (`id`);

--
-- Indexes for table `genaralsetting`
--
ALTER TABLE `genaralsetting`
  ADD PRIMARY KEY (`id`);

--
-- Indexes for table `googlerecapcha`
--
ALTER TABLE `googlerecapcha`
  ADD PRIMARY KEY (`id`);

--
-- Indexes for table `orders`
--
ALTER TABLE `orders`
  ADD PRIMARY KEY (`id`);

--
-- Indexes for table `ordertrackhistory`
--
ALTER TABLE `ordertrackhistory`
  ADD PRIMARY KEY (`id`);

--
-- Indexes for table `pages`
--
ALTER TABLE `pages`
  ADD PRIMARY KEY (`id`);

--
-- Indexes for table `paymentsetting`
--
ALTER TABLE `paymentsetting`
  ADD PRIMARY KEY (`id`);

--
-- Indexes for table `productreviews`
--
ALTER TABLE `productreviews`
  ADD PRIMARY KEY (`id`);

--
-- Indexes for table `products`
--
ALTER TABLE `products`
  ADD PRIMARY KEY (`id`);

--
-- Indexes for table `sideblock`
--
ALTER TABLE `sideblock`
  ADD PRIMARY KEY (`id`);

--
-- Indexes for table `sitemaintenance`
--
ALTER TABLE `sitemaintenance`
  ADD PRIMARY KEY (`id`);

--
-- Indexes for table `subcategory`
--
ALTER TABLE `subcategory`
  ADD PRIMARY KEY (`id`);

--
-- Indexes for table `tblcontactusquery`
--
ALTER TABLE `tblcontactusquery`
  ADD PRIMARY KEY (`id`);

--
-- Indexes for table `timezones`
--
ALTER TABLE `timezones`
  ADD PRIMARY KEY (`TimeZone`);

--
-- Indexes for table `userlog`
--
ALTER TABLE `userlog`
  ADD PRIMARY KEY (`id`);

--
-- Indexes for table `users`
--
ALTER TABLE `users`
  ADD PRIMARY KEY (`id`);

--
-- Indexes for table `user_announcement`
--
ALTER TABLE `user_announcement`
  ADD PRIMARY KEY (`id`);

--
-- Indexes for table `wishlist`
--
ALTER TABLE `wishlist`
  ADD PRIMARY KEY (`id`);

--
-- AUTO_INCREMENT for dumped tables
--

--
-- AUTO_INCREMENT for table `activate_advertising`
--
ALTER TABLE `activate_advertising`
  MODIFY `id` int(11) NOT NULL AUTO_INCREMENT, AUTO_INCREMENT=9;

--
-- AUTO_INCREMENT for table `activestatus`
--
ALTER TABLE `activestatus`
  MODIFY `id` int(11) NOT NULL AUTO_INCREMENT, AUTO_INCREMENT=2;

--
-- AUTO_INCREMENT for table `admin`
--
ALTER TABLE `admin`
  MODIFY `id` int(11) NOT NULL AUTO_INCREMENT, AUTO_INCREMENT=2;

--
-- AUTO_INCREMENT for table `advertising`
--
ALTER TABLE `advertising`
  MODIFY `id` int(11) NOT NULL AUTO_INCREMENT, AUTO_INCREMENT=21;

--
-- AUTO_INCREMENT for table `billaddres`
--
ALTER TABLE `billaddres`
  MODIFY `id` int(11) NOT NULL AUTO_INCREMENT, AUTO_INCREMENT=3;

--
-- AUTO_INCREMENT for table `brands`
--
ALTER TABLE `brands`
  MODIFY `id` int(11) NOT NULL AUTO_INCREMENT, AUTO_INCREMENT=14;

--
-- AUTO_INCREMENT for table `category`
--
ALTER TABLE `category`
  MODIFY `id` int(11) NOT NULL AUTO_INCREMENT, AUTO_INCREMENT=12;

--
-- AUTO_INCREMENT for table `compare`
--
ALTER TABLE `compare`
  MODIFY `id` int(11) NOT NULL AUTO_INCREMENT;

--
-- AUTO_INCREMENT for table `contactusinfo`
--
ALTER TABLE `contactusinfo`
  MODIFY `id` int(11) NOT NULL AUTO_INCREMENT, AUTO_INCREMENT=2;

--
-- AUTO_INCREMENT for table `countries`
--
ALTER TABLE `countries`
  MODIFY `id` int(11) NOT NULL AUTO_INCREMENT, AUTO_INCREMENT=247;

--
-- AUTO_INCREMENT for table `customcontent`
--
ALTER TABLE `customcontent`
  MODIFY `id` int(11) NOT NULL AUTO_INCREMENT, AUTO_INCREMENT=2;

--
-- AUTO_INCREMENT for table `emailsetting`
--
ALTER TABLE `emailsetting`
  MODIFY `id` int(11) NOT NULL AUTO_INCREMENT, AUTO_INCREMENT=2;

--
-- AUTO_INCREMENT for table `footer`
--
ALTER TABLE `footer`
  MODIFY `id` int(11) NOT NULL AUTO_INCREMENT, AUTO_INCREMENT=7;

--
-- AUTO_INCREMENT for table `genaralsetting`
--
ALTER TABLE `genaralsetting`
  MODIFY `id` int(11) NOT NULL AUTO_INCREMENT, AUTO_INCREMENT=14;

--
-- AUTO_INCREMENT for table `googlerecapcha`
--
ALTER TABLE `googlerecapcha`
  MODIFY `id` int(11) NOT NULL AUTO_INCREMENT, AUTO_INCREMENT=2;

--
-- AUTO_INCREMENT for table `orders`
--
ALTER TABLE `orders`
  MODIFY `id` int(11) NOT NULL AUTO_INCREMENT, AUTO_INCREMENT=3;

--
-- AUTO_INCREMENT for table `ordertrackhistory`
--
ALTER TABLE `ordertrackhistory`
  MODIFY `id` int(11) NOT NULL AUTO_INCREMENT;

--
-- AUTO_INCREMENT for table `pages`
--
ALTER TABLE `pages`
  MODIFY `id` int(11) NOT NULL AUTO_INCREMENT, AUTO_INCREMENT=6;

--
-- AUTO_INCREMENT for table `paymentsetting`
--
ALTER TABLE `paymentsetting`
  MODIFY `id` int(11) NOT NULL AUTO_INCREMENT, AUTO_INCREMENT=2;

--
-- AUTO_INCREMENT for table `productreviews`
--
ALTER TABLE `productreviews`
  MODIFY `id` int(11) NOT NULL AUTO_INCREMENT;

--
-- AUTO_INCREMENT for table `products`
--
ALTER TABLE `products`
  MODIFY `id` int(11) NOT NULL AUTO_INCREMENT, AUTO_INCREMENT=25;

--
-- AUTO_INCREMENT for table `sideblock`
--
ALTER TABLE `sideblock`
  MODIFY `id` int(11) NOT NULL AUTO_INCREMENT, AUTO_INCREMENT=5;

--
-- AUTO_INCREMENT for table `sitemaintenance`
--
ALTER TABLE `sitemaintenance`
  MODIFY `id` int(11) NOT NULL AUTO_INCREMENT, AUTO_INCREMENT=2;

--
-- AUTO_INCREMENT for table `subcategory`
--
ALTER TABLE `subcategory`
  MODIFY `id` int(11) NOT NULL AUTO_INCREMENT, AUTO_INCREMENT=17;

--
-- AUTO_INCREMENT for table `tblcontactusquery`
--
ALTER TABLE `tblcontactusquery`
  MODIFY `id` int(11) NOT NULL AUTO_INCREMENT, AUTO_INCREMENT=6;

--
-- AUTO_INCREMENT for table `userlog`
--
ALTER TABLE `userlog`
  MODIFY `id` int(11) NOT NULL AUTO_INCREMENT, AUTO_INCREMENT=8;

--
-- AUTO_INCREMENT for table `users`
--
ALTER TABLE `users`
  MODIFY `id` int(11) NOT NULL AUTO_INCREMENT, AUTO_INCREMENT=4;

--
-- AUTO_INCREMENT for table `user_announcement`
--
ALTER TABLE `user_announcement`
  MODIFY `id` int(11) NOT NULL AUTO_INCREMENT, AUTO_INCREMENT=2;

--
-- AUTO_INCREMENT for table `wishlist`
--
ALTER TABLE `wishlist`
  MODIFY `id` int(11) NOT NULL AUTO_INCREMENT;
COMMIT;

/*!40101 SET CHARACTER_SET_CLIENT=@OLD_CHARACTER_SET_CLIENT */;
/*!40101 SET CHARACTER_SET_RESULTS=@OLD_CHARACTER_SET_RESULTS */;
/*!40101 SET COLLATION_CONNECTION=@OLD_COLLATION_CONNECTION */;
